# Coordenadas de areas, gasoductos y plantas para el mapa.
# Areas: centroide de la concesion. Plantas y gasoductos: a mano.
# Las filas con lat/lon ya cargada NO se pisan al re-correr.
nombre,tipo,lat,lon,fuente,notas
25 DE MAYO - MEDANITO SUD ESTE LP,area,-38.00444,-67.78263,centroide concesion,
25 DE MAYO - MEDANITO SUD ESTE RN,area,-38.05404,-67.85466,centroide concesion,
AGUA DEL CAJON,area,-38.88128,-68.39644,centroide concesion,
AGUA SALADA,area,-38.35045,-67.86148,centroide concesion,
AGUADA BAGUALES,area,-38.82865,-68.88553,centroide concesion,
AGUADA CÁNEPA,area,-38.07496,-68.46459,centroide concesion,
AGUADA DE CASTRO,area,-38.26299,-69.56626,centroide concesion,
AGUADA DE LA ARENA,area,-38.20257,-69.10677,centroide concesion,
AGUADA DEL CHAÑAR,area,-38.08703,-68.55511,centroide concesion,
AGUADA DEL CHIVATO - AGUADA BOCAREY,area,-37.48326,-68.95513,centroide concesion,
AGUADA FEDERAL,area,-38.08392,-68.71742,centroide concesion,
AGUADA PICHANA ESTE,area,-38.34519,-69.21311,centroide concesion,
AGUADA PICHANA OESTE,area,-38.37964,-69.4078,centroide concesion,
AGUADA VILLANUEVA,area,-38.79123,-69.29205,centroide concesion,
AGUADA VILLANUEVA NORTE,area,-38.7684,-69.28333,centroide concesion,
AGUILA MORA,area,-37.68942,-69.06731,centroide concesion,
AL NORTE DE LA DORSAL,area,-38.83988,-69.19277,centroide concesion,
AL SUR DE LA DORSAL,area,-39.14512,-69.21083,centroide concesion,
ALTIPLANICIE DEL PAYUN,area,-36.68969,-69.30688,centroide concesion,
ANTICLINAL CAMPAMENTO,area,-38.98203,-69.72802,centroide concesion,
ATUEL NORTE EXPLOTACION,area,-35.16209,-69.44508,centroide concesion,
BAJADA DE AÑELO,area,-38.18796,-69.00361,centroide concesion,
BAJADA DEL PALO ESTE,area,-38.1714,-68.37219,centroide concesion,
BAJADA DEL PALO OESTE,area,-38.18693,-68.57722,centroide concesion,
BAJO BAGUALES,area,-38.91565,-68.95542,centroide concesion,
BAJO DEL CHOIQUE - LA INVERNADA,area,-37.59708,-69.2345,centroide concesion,
BAJO DEL PICHE,area,-38.27617,-68.04274,centroide concesion,
BAJO DEL TORO NORTE,area,-37.52169,-69.07581,centroide concesion,
BANDURRIA CENTRO,area,-38.16446,-68.83917,centroide concesion,
BANDURRIA NORTE,area,-38.11055,-68.97905,centroide concesion,
BANDURRIA SUR,area,-38.25928,-68.78391,centroide concesion,
BARRANCA DE LOS LOROS,area,-37.83833,-67.80258,centroide concesion,
CAJON DE LOS CABALLOS,area,-36.13261,-69.51393,centroide concesion,
CAJON DE LOS CABALLOS (SECTOR ORIENTAL),area,-36.00302,-69.30419,centroide concesion,
CATRIEL OESTE,area,-37.7028,-68.03042,centroide concesion,
CATRIEL VIEJO,area,-37.89552,-68.07141,centroide concesion,
CAÑADON AMARILLO,area,-36.96063,-69.30586,centroide concesion,
CENTENARIO,area,-38.89294,-68.17746,centroide concesion,
CENTENARIO CENTRO,area,-38.89492,-68.22302,centroide concesion,
CENTRO ESTE,area,-37.7506,-67.96684,centroide concesion,
CERRO BANDERA,area,-38.89582,-69.56311,centroide concesion,
CERRO FORTUNOSO,area,-36.24345,-69.37745,centroide concesion,
CERRO HAMACA,area,-37.45138,-68.65989,centroide concesion,
CERRO MOLLAR OESTE,area,-35.35577,-69.77318,centroide concesion,
CERRO MORADO ESTE,area,-37.38935,-68.60968,centroide concesion,
CHACHAHUEN SUR,area,-37.34191,-68.87354,centroide concesion,
CHARCO DEL PALENQUE,area,-38.33529,-68.17187,centroide concesion,
CHIHUIDO DE LA SALINA,area,-37.01452,-69.58863,centroide concesion,
CHIHUIDO DE LA SALINA SUR,area,-37.11962,-69.60117,centroide concesion,
CHIHUIDO DE LA SIERRA NEGRA,area,-37.32745,-69.15795,centroide concesion,
CNQ 7/A,area,-37.45654,-68.0456,centroide concesion,
COIRON AMARGO NORTE,area,-38.25718,-68.32878,centroide concesion,
COIRON AMARGO SUR ESTE,area,-38.36339,-68.35675,centroide concesion,
COIRON AMARGO SUR OESTE,area,-38.41132,-68.45882,centroide concesion,
COLLON CURA,area,-38.91084,-69.34328,centroide concesion,
CONFLUENCIA SUR,area,-36.93625,-69.58865,centroide concesion,
CRUZ DE LORENA,area,-38.32221,-68.49766,centroide concesion,
CUTRAL CO NORTE,area,-38.97,-69.23448,centroide concesion,
CUTRAL CO SUR,area,-39.01284,-69.24294,centroide concesion,
DADIN,area,-38.89626,-69.14008,centroide concesion,
DON JOSE,area,-39.03845,-67.6652,centroide concesion,
DON RUIZ,area,-37.65238,-68.74635,centroide concesion,
DOS HERMANAS,area,-39.14023,-69.01873,centroide concesion,
EL CARACOL NORTE,area,-37.79509,-68.42237,centroide concesion,
EL MANGRULLO,area,-38.54678,-69.48756,centroide concesion,
EL MANZANO ESTE,area,-36.26104,-69.58721,centroide concesion,
EL MANZANO OESTE (AGRIO),area,-36.12531,-69.77578,centroide concesion,
EL MANZANO OESTE (RESTO),area,-36.12531,-69.77578,centroide concesion,
EL MEDANITO,area,-38.01433,-67.9674,centroide concesion,
EL OREJANO,area,-37.98457,-69.2055,centroide concesion,
EL PORVENIR,area,-39.0223,-68.91207,centroide concesion,
EL SANTIAGUEÑO,area,-38.08914,-68.04135,centroide concesion,
EL SAUCE,area,-39.49082,-69.42826,centroide concesion,
EL SOSNEADO,area,-35.0079,-69.49347,centroide concesion,
EL TRAPIAL - CURAMCHED,area,-37.42762,-69.41687,centroide concesion,
EL TRAPIAL ESTE,area,-37.42649,-69.35744,centroide concesion,
ENTRE LOMAS,area,-38.07788,-68.27391,centroide concesion,
ESTACION FERNANDEZ ORO,area,-39.01229,-67.85502,centroide concesion,
FILO MORADO,area,-37.27618,-69.67,centroide concesion,
FLOR DE ROCA,area,-39.06154,-67.52205,centroide concesion,
FONDO DE LA LEGUA,area,-37.23367,-69.34444,centroide concesion,
FORTIN DE PIEDRA,area,-38.54763,-69.09471,centroide concesion,
GOBERNADOR AYALA,area,-37.4699,-68.4036,centroide concesion,
GOBERNADOR AYALA III,area,-37.57246,-67.99866,centroide concesion,
JAGÜEL CASA DE PIEDRA,area,-37.31854,-68.54979,centroide concesion,
JAGÜEL DE LOS MACHOS LP,area,-38.14095,-67.63575,centroide concesion,
JAGÜEL DE LOS MACHOS RN,area,-38.17439,-67.74526,centroide concesion,
JARILLA QUEMADA,area,-38.44615,-67.94236,centroide concesion,
LA AMARGA CHICA,area,-38.19168,-68.64111,centroide concesion,
LA ANGOSTURA SUR I,area,-38.73336,-68.6787,centroide concesion,
LA ANGOSTURA SUR II,area,-38.593,-68.66914,centroide concesion,
LA BREA,area,-35.50714,-69.75973,centroide concesion,
LA CALERA,area,-38.33914,-69.00548,centroide concesion,
LA ESCALONADA,area,-37.66561,-69.25308,centroide concesion,
LA RIBERA BLOQUE I,area,-38.43235,-69.01068,centroide concesion,
LA RIBERA BLOQUE II,area,-38.56646,-69.07571,centroide concesion,
LA YESERA,area,-38.82904,-67.91353,centroide concesion,
LAS BASES,area,-38.46624,-67.4305,centroide concesion,
LAS MANADAS,area,-37.77319,-68.98689,centroide concesion,
LAS TACANAS I,area,-38.6441,-69.50461,centroide concesion,
LAS TACANAS II,area,-38.69463,-69.34844,centroide concesion,
LINDERO ATRAVESADO,area,-38.67278,-68.46061,centroide concesion,
LINDERO DE PIEDRA,area,-35.39092,-69.31888,centroide concesion,
LLANCANELO,area,-35.66875,-69.215,centroide concesion,
LLANCANELO R,area,-35.66275,-69.19788,centroide concesion,
LOMA AMARILLA SUR,area,-37.87859,-68.7282,centroide concesion,
LOMA CAMPANA,area,-38.37327,-68.71442,centroide concesion,
LOMA GUADALOSA,area,-38.3834,-68.17516,centroide concesion,
LOMA JARILLOSA ESTE,area,-38.25419,-68.41891,centroide concesion,
LOMA LA LATA - SIERRA BARROSA,area,-38.58918,-68.79575,centroide concesion,
LOMA MONTOSA OESTE,area,-37.80444,-68.25472,centroide concesion,
LOMA NEGRA,area,-38.77443,-67.64509,centroide concesion,
LOMA NEGRA NI,area,-38.89826,-69.35202,centroide concesion,
LOS BASTOS,area,-38.90943,-68.64091,centroide concesion,
LOS CALDENES,area,-38.48151,-68.0549,centroide concesion,
LOS LEONES,area,-39.5722,-69.38516,centroide concesion,
LOS TOLDOS I NORTE,area,-37.62647,-69.44861,centroide concesion,
LOS TOLDOS I SUR,area,-37.7284,-69.36909,centroide concesion,
LOS TOLDOS II ESTE,area,-37.46528,-69.16393,centroide concesion,
LOS TOLDOS II OESTE,area,-37.44285,-69.24539,centroide concesion,
MATA MORA NORTE,area,-38.51795,-68.31572,centroide concesion,
MEDANITO,area,-38.02466,-67.54506,centroide concesion,
MEDANITO SUR,area,-38.18493,-67.46165,centroide concesion,
MEDIANERA,area,-37.87996,-67.91647,centroide concesion,
MESETA BUENA ESPERANZA I,area,-38.67346,-69.13823,centroide concesion,
MESETA BUENA ESPERANZA II,area,-38.68398,-69.00528,centroide concesion,
NARAMBUENA,area,-37.40827,-69.05891,centroide concesion,
NEUQUEN DEL MEDIO,area,-38.93331,-68.76851,centroide concesion,
OCTOGONO,area,-38.91753,-69.17569,centroide concesion,
OJO DE AGUA,area,-39.0779,-68.72805,centroide concesion,
PAMPA DE LAS YEGUAS I,area,-37.81221,-69.32775,centroide concesion,
PASO DE LAS BARDAS NORTE,area,-37.13495,-69.45162,centroide concesion,
PORTEZUELO MINAS,area,-38.99658,-69.3874,centroide concesion,
PUESTO CORTADERA,area,-39.1006,-69.38933,centroide concesion,
PUESTO FLORES - ESTANCIA VIEJA,area,-38.67675,-67.41216,centroide concesion,
PUESTO HERNANDEZ,area,-37.28269,-69.09467,centroide concesion,
PUESTO MORALES ESTE,area,-38.33088,-67.6209,centroide concesion,
PUESTO PARADA,area,-38.82674,-68.6257,centroide concesion,
PUESTO PRADO,area,-38.58233,-67.43959,centroide concesion,
PUESTO ROJAS,area,-35.29734,-69.69404,centroide concesion,
PUESTO SILVA OESTE,area,-38.40865,-68.28391,centroide concesion,
PUESTO SURVELIN,area,-38.5344,-67.29216,centroide concesion,
PUESTO TOUQUET,area,-39.02337,-69.09426,centroide concesion,
PUESTO ZUÑIGA,area,-38.80511,-67.79629,centroide concesion,
PUNTA SENILLOSA,area,-38.86473,-68.60599,centroide concesion,
RINCON DE ARANDA,area,-37.97826,-68.5667,centroide concesion,
RINCON DEL MANGRULLO,area,-38.59461,-69.32074,centroide concesion,
RINCON LA CENIZA,area,-37.84284,-69.21072,centroide concesion,
RINCONADA PUESTO MORALES RN,area,-38.2925,-67.54882,centroide concesion,
RIO NEUQUEN,area,-38.72654,-68.19495,centroide concesion,
SALINA GRANDE I,area,-38.2039,-67.17942,centroide concesion,
SAN ROQUE,area,-37.95435,-68.91521,centroide concesion,
SEÑAL CERRO BAYO,area,-37.62686,-68.72172,centroide concesion,
SEÑAL PICADA - PUNTA BARDA,area,-37.65044,-68.19727,centroide concesion,
SIERRA CHATA,area,-38.08005,-69.34465,centroide concesion,
SIERRAS BLANCAS,area,-38.52443,-68.42959,centroide concesion,
UMBRAL,area,-39.59476,-69.33423,centroide concesion,
VALLE DEL RIO GRANDE,area,-36.04543,-69.60093,centroide concesion,
VETA ESCONDIDA,area,-37.84806,-68.56433,centroide concesion,
VOLCAN AUCA MAHUIDA,area,-37.70884,-68.91222,centroide concesion,
BdP,gasoducto,,,,cargar a mano: no es una concesion
CO (Paralelo),gasoducto,,,,cargar a mano: no es una concesion
CO (Troncal),gasoducto,,,,cargar a mano: no es una concesion
GPA (a Chile),gasoducto,,,,cargar a mano: no es una concesion
GPA (a MEGA),gasoducto,,,,cargar a mano: no es una concesion
GPM,gasoducto,,,,cargar a mano: no es una concesion
NEUI,gasoducto,,,,cargar a mano: no es una concesion
NEUII,gasoducto,,,,cargar a mano: no es una concesion
Otros,gasoducto,,,,cargar a mano: no es una concesion
Pampa EM - BM,gasoducto,,,,cargar a mano: no es una concesion
Pampa SCH,gasoducto,,,,cargar a mano: no es una concesion
TOTAL - APE / ASR,gasoducto,,,,cargar a mano: no es una concesion
VMN,gasoducto,,,,cargar a mano: no es una concesion
VMS,gasoducto,,,,cargar a mano: no es una concesion
YPF - RDM,gasoducto,,,,cargar a mano: no es una concesion
MEGA,planta,,,,cargar a mano: no es una concesion
TBX El Porton,planta,,,,cargar a mano: no es una concesion
TTY,planta,,,,cargar a mano: no es una concesion
VM LIQ,planta,,,,cargar a mano: no es una concesion
