Area,HUB,Gasoducto,Volumen,Coef_Inyeccion,Volumen_inyectado,Sufijo,Clave_croma,C1,C2,C3,iC4,nC4,iC5,nC5,nC6,nC7,nC8,nC9,nC10,N2,CO2,Vol_C1,Vol_C2,Vol_C3,Vol_iC4,Vol_nC4,Vol_iC5,Vol_nC5,Vol_nC6,Vol_nC7,Vol_nC8,Vol_nC9,Vol_nC10,Vol_N2,Vol_CO2,z,densidad,PCS,IW
0,Otros,0,0.0,0.0,0.0,,0,0.0,0.0,0.0,0.0,0.0,0.0,0.0,0.0,0.0,0.0,0.0,0.0,0.0,0.0,0.0,0.0,0.0,0.0,0.0,0.0,0.0,0.0,0.0,0.0,0.0,0.0,0.0,0.0,1.0,0.0,0.0,0.0
0,Otros,0,0.0,0.0,0.0,,0,0.0,0.0,0.0,0.0,0.0,0.0,0.0,0.0,0.0,0.0,0.0,0.0,0.0,0.0,0.0,0.0,0.0,0.0,0.0,0.0,0.0,0.0,0.0,0.0,0.0,0.0,0.0,0.0,1.0,0.0,0.0,0.0
acambuco,Otros,0,1371.4641935483871,0.0,0.0,,acambuco,0.0,0.0,0.0,0.0,0.0,0.0,0.0,0.0,0.0,0.0,0.0,0.0,0.0,0.0,0.0,0.0,0.0,0.0,0.0,0.0,0.0,0.0,0.0,0.0,0.0,0.0,0.0,0.0,1.0,0.0,0.0,0.0
aguadacanepa,Hub Centro (resto),VMN,0.0,1.0,0.0,,aguadacanepa,0.7518323333333333,0.13297466666666663,0.071394,0.007239,0.01787533333333333,0.002461000000000001,0.002651,0.0005030666666666666,0.00014373333333333332,7.186666666666666e-05,0.0,0.0,0.009604000000000001,0.0032499999999999994,0.0,0.0,0.0,0.0,0.0,0.0,0.0,0.0,0.0,0.0,0.0,0.0,0.0,0.0,0.9962339510884118,0.745584504375694,11458.96718706134,13270.798013856545
aguadadecastro,APO / Aguada de Castro,CO (Troncal),1081.1427021360093,0.1,108.11427021360095,,aguadadecastro,0.971614334897953,0.0179859487948695,0.00127410791462967,0.000160252989262409,0.000122725291776915,1.85282087585359e-05,7.32793950899874e-06,1.27012891489628e-05,1.67694988763765e-06,0.0,0.0,0.0,0.00194452886970879,0.00685768654050757,105.04537474656546,1.9445377280565117,0.13774924736355976,0.017325634983653377,0.013268355357212408,0.002003163768294358,0.000792254832184812,0.0013731906071120417,0.00018130221328672465,0.0,0.0,0.0,0.21023131965784417,0.7414137756806097,0.9979158287043074,0.572919119228265,9091.324218777749,12011.036541663992
aguadadecastro,APO / Aguada de Castro,NEUII,1081.1427021360093,0.065,70.2742756388406,,aguadadecastro,0.971614334897953,0.0179859487948695,0.00127410791462967,0.000160252989262409,0.000122725291776915,1.85282087585359e-05,7.32793950899874e-06,1.27012891489628e-05,1.67694988763765e-06,0.0,0.0,0.0,0.00194452886970879,0.00685768654050757,68.27949358526753,1.2639495232367324,0.08953701078631382,0.011261662739374694,0.008624430982188064,0.0013020564493913325,0.0005149656409201278,0.000892573894622827,0.000117846438636371,0.0,0.0,0.0,0.13665035777759868,0.4819189541923963,0.9979158287043074,0.572919119228265,9091.324218777749,12011.036541663992
aguadadecastro,APO / Aguada de Castro,GPM,1081.1427021360093,0.8350000000000001,902.7541562835679,,aguadadecastro,0.971614334897953,0.0179859487948695,0.00127410791462967,0.000160252989262409,0.000122725291776915,1.85282087585359e-05,7.32793950899874e-06,1.27012891489628e-05,1.67694988763765e-06,0.0,0.0,0.0,0.00194452886970879,0.00685768654050757,877.1288791338216,16.236890029271873,1.150206215485724,0.1446690521135057,0.1107907672327236,0.016726417465257888,0.006615327848743181,0.011466141569385548,0.0015138734809441508,0.0,0.0,0.0,1.7554315191429988,6.190805026933091,0.9979158287043074,0.572919119228265,9091.324218777749,12011.036541663992
aguadadelaarena,Aguada De La Arena,VMN,4357.36922390542,0.3417489345620339,1489.1262897630738,,aguadadelaarena,0.8884696666666666,0.07918706666666667,0.0174681,0.0036704333333333334,0.00267,0.0008211333333333333,0.00035353333333333343,0.0004488633333334917,0.00012824666666671193,6.412333333335596e-05,0.0,0.0,0.0022410333333333335,0.004477799999999999,1323.0435382903681,117.91954278255452,26.01220694221035,5.465738771489378,3.9759671936674073,1.222771234067452,0.5264557809742388,0.6684141901775884,0.1909754829078824,0.0954877414539412,0.0,0.0,3.3371816529020406,6.6680097003010905,0.997393572562386,0.629178931447058,9923.688209015478,12510.827182242037
aguadadelaarena,Aguada De La Arena,GPA (a MEGA),4357.36922390542,0.6582510654379661,2868.242934142346,,aguadadelaarena,0.8884696666666666,0.07918706666666667,0.0174681,0.0036704333333333334,0.00267,0.0008211333333333333,0.00035353333333333343,0.0004488633333334917,0.00012824666666671193,6.412333333335596e-05,0.0,0.0,0.0022410333333333335,0.004477799999999999,2548.3468436164717,227.12774444212556,50.102754397891914,10.52769447357387,7.658208634160063,2.355209881322085,1.0140194853171243,1.287449084229368,0.3678425954941052,0.1839212977470526,0.0,0.0,6.427828023510802,12.843418210502593,0.997393572562386,0.629178931447058,9923.688209015478,12510.827182242037
aguadadelchanar,Hub Centro (resto),VMN,98.22870967741937,1.0,98.22870967741937,,aguadadelchanar,0.7518323333333333,0.13297466666666663,0.071394,0.007239,0.01787533333333333,0.002461000000000001,0.002651,0.0005030666666666666,0.00014373333333333332,7.186666666666666e-05,0.0,0.0,0.009604000000000001,0.0032499999999999994,73.85151999709679,13.061929926451612,7.012940498709678,0.7110776293548389,1.7558709283870968,0.24174085451612917,0.26040430935483877,0.049415589548387095,0.014118739870967744,0.007059369935483872,0.0,0.0,0.9433885277419358,0.3192433064516129,0.9962339510884118,0.745584504375694,11458.96718706134,13270.798013856545
aguadadelchivatoaguadabocarey,Otros,MEGA,-0.5032830476261716,1.0,-0.5032830476261716,,aguadadelchivatoaguadabocarey,0.8371291774281999,0.09450427150726318,0.03968374800682068,0.007354762434959412,0.01014241534471512,0.0017210679699977238,0.0010587518935402235,0.0006131435198088487,0.00026270153000950813,8.240123648041239e-05,0.0,0.0,0.003786024212837219,0.003661534915367762,-0.4213129236728546,-0.04756239777786658,-0.019972157638101725,-0.003701527252832856,-0.005104505704978673,-0.0008661843331122429,-0.0005328518796609037,-0.00030858473928163524,-0.00013221322663924343,-4.1471145424026814e-05,-0.0,-0.0,-0.001905441804223193,-0.0018427884511959237,0.996916569266359,0.6785837813576644,10604.375953303768,12873.106982399171
aguadafederal,Hub Centro (resto),VMN,67.66451612903226,1.0,67.66451612903226,,aguadafederal,0.7518323333333333,0.13297466666666663,0.071394,0.007239,0.01787533333333333,0.002461000000000001,0.002651,0.0005030666666666666,0.00014373333333333332,7.186666666666666e-05,0.0,0.0,0.009604000000000001,0.0032499999999999994,50.872371045161294,8.997666477419353,4.83084046451613,0.4898234322580646,1.2095257806451611,0.16652237419354846,0.17937863225806455,0.03403976258064516,0.009725646451612903,0.004862823225806451,0.0,0.0,0.649850012903226,0.21990967741935483,0.9962339510884118,0.745584504375694,11458.96718706134,13270.798013856545
aguadapichanaeste,Aguada Pichana Este,TOTAL - APE / ASR,11598.026451645159,1.0,11598.026451645159,,aguadapichanaeste,0.848530419,0.08771376666666666,0.030105800000000005,0.0062064,0.005760966666666666,0.0012305999999999997,0.0008195666666666667,0.0007060909999999999,0.00029919366666666665,7.172966666666666e-05,0.0,0.0,0.004479266666666667,0.014076200000000004,9841.278244587551,1017.3065859734314,349.1678647479389,71.98199136949052,66.81584378704602,14.272531351394528,9.505355878886652,8.189262095268582,3.4700560601647044,0.83192257136769,0.0,0.0,51.95065328397244,163.25613993864764,0.9971031448626912,0.6670491346152817,10200.202659207302,12489.063907703761
aguadapichanaoeste,APO / Aguada de Castro,CO (Troncal),6334.410141329297,0.1,633.4410141329298,,aguadapichanaoeste,0.9716145152119411,0.0179859487948695,0.00127410791462967,0.000160252989262409,0.000122725291776915,1.85282087585359e-05,7.32793950899874e-06,1.27012891489628e-05,1.67694988763765e-06,0.0,0.0,0.0,0.00194452886970879,0.00685768654050757,615.4604838621269,11.393037644765084,0.8070722095578106,0.10151081603621387,0.07773923328292875,0.011736527346073613,0.0046418174340849255,0.008045517479314573,0.0010622488374752957,0.0,0.0,0.0,1.2317443392390957,4.3439399168248585,0.9979158279718089,0.5729192197259196,9091.325852723636,12011.037646909577
aguadapichanaoeste,APO / Aguada de Castro,NEUII,6334.410141329297,0.065,411.7366591864043,,aguadapichanaoeste,0.9716145152119411,0.0179859487948695,0.00127410791462967,0.000160252989262409,0.000122725291776915,1.85282087585359e-05,7.32793950899874e-06,1.27012891489628e-05,1.67694988763765e-06,0.0,0.0,0.0,0.00194452886970879,0.00685768654050757,400.04931451038243,7.405474469097304,0.5245969362125767,0.065982030423539,0.050530501633903685,0.007628742774947847,0.003017181332155201,0.005229586361554472,0.0006904617443589422,0.0,0.0,0.0,0.8006338205054121,2.8235609459361575,0.9979158279718089,0.5729192197259196,9091.325852723636,12011.037646909577
aguadapichanaoeste,APO / Aguada de Castro,GPM,6334.410141329297,0.8350000000000001,5289.232468009964,,aguadapichanaoeste,0.9716145152119411,0.0179859487948695,0.00127410791462967,0.000160252989262409,0.000122725291776915,1.85282087585359e-05,7.32793950899874e-06,1.27012891489628e-05,1.67694988763765e-06,0.0,0.0,0.0,0.00194452886970879,0.00685768654050757,5139.09504024876,95.13186433378844,6.739052949807718,0.8476153139023858,0.6491225979124551,0.09800000333971466,0.03875917557460913,0.06718007095227668,0.008869777792918719,0.0,0.0,0.0,10.28506523264645,36.27189830548757,0.9979158279718089,0.5729192197259196,9091.325852723636,12011.037646909577
aguadapichanaoestelng,ARG LNG,CO (Troncal),0.0,0.1,0.0,,aguadapichanaoestelng,0.9716145152119411,0.0179859487948695,0.00127410791462967,0.000160252989262409,0.000122725291776915,1.85282087585359e-05,7.32793950899874e-06,1.27012891489628e-05,1.67694988763765e-06,0.0,0.0,0.0,0.00194452886970879,0.00685768654050757,0.0,0.0,0.0,0.0,0.0,0.0,0.0,0.0,0.0,0.0,0.0,0.0,0.0,0.0,0.9979158279718089,0.5729192197259196,9091.325852723636,12011.037646909577
aguadapichanaoestelng,ARG LNG,NEUII,0.0,0.065,0.0,,aguadapichanaoestelng,0.9716145152119411,0.0179859487948695,0.00127410791462967,0.000160252989262409,0.000122725291776915,1.85282087585359e-05,7.32793950899874e-06,1.27012891489628e-05,1.67694988763765e-06,0.0,0.0,0.0,0.00194452886970879,0.00685768654050757,0.0,0.0,0.0,0.0,0.0,0.0,0.0,0.0,0.0,0.0,0.0,0.0,0.0,0.0,0.9979158279718089,0.5729192197259196,9091.325852723636,12011.037646909577
aguadapichanaoestelng,ARG LNG,GPM,0.0,0.8350000000000001,0.0,,aguadapichanaoestelng,0.9716145152119411,0.0179859487948695,0.00127410791462967,0.000160252989262409,0.000122725291776915,1.85282087585359e-05,7.32793950899874e-06,1.27012891489628e-05,1.67694988763765e-06,0.0,0.0,0.0,0.00194452886970879,0.00685768654050757,0.0,0.0,0.0,0.0,0.0,0.0,0.0,0.0,0.0,0.0,0.0,0.0,0.0,0.0,0.9979158279718089,0.5729192197259196,9091.325852723636,12011.037646909577
aguadavillanueva,NEUBA I,NEUI,0.0,1.0,0.0,,aguadavillanueva,0.8371291774281999,0.09450427150726318,0.03968374800682068,0.007354762434959412,0.01014241534471512,0.0017210679699977238,0.0010587518935402235,0.0006131435198088487,0.00026270153000950813,8.240123648041239e-05,0.0,0.0,0.003786024212837219,0.003661534915367762,0.0,0.0,0.0,0.0,0.0,0.0,0.0,0.0,0.0,0.0,0.0,0.0,0.0,0.0,0.996916569266359,0.6785837813576644,10604.375953303768,12873.106982399171
aguadelcajon,Otros,BdP,674.7541935483871,1.0,674.7541935483871,,aguadelcajon,0.926961519051664,0.05344780389075056,0.006802329385136977,0.0005839268269382986,0.0009777878358256968,0.0003184204852873256,0.00023236662170201137,0.00013999353653994934,3.9998153297128395e-05,1.9999076648564197e-05,0.0,0.0,0.008187421545842833,0.002288433590366701,625.4711722380935,36.06412981123574,4.589900278518597,0.3940070752020202,0.6597664426239908,0.21485555775933543,0.15679035243410383,0.09446122585000018,0.02698892167142863,0.013494460835714315,0.0,0.0,5.524497022405869,1.5441301617569234,0.9977133990189085,0.5971483766191277,9439.729677155974,12215.702002208869
aguarague,Otros,0,844.1546150954968,0.0,0.0,,aguarague,0.0,0.0,0.0,0.0,0.0,0.0,0.0,0.0,0.0,0.0,0.0,0.0,0.0,0.0,0.0,0.0,0.0,0.0,0.0,0.0,0.0,0.0,0.0,0.0,0.0,0.0,0.0,0.0,1.0,0.0,0.0,0.0
aguasalada,NEUBA I,NEUI,457.1831554777771,1.0,457.1831554777771,,aguasalada,0.8371291774281999,0.09450427150726318,0.03968374800682068,0.007354762434959412,0.01014241534471512,0.0017210679699977238,0.0010587518935402235,0.0006131435198088487,0.00026270153000950813,8.240123648041239e-05,0.0,0.0,0.003786024212837219,0.003661534915367762,382.7213588791404,43.20576105381917,18.142741134943225,3.3624734978041637,4.636941451463085,0.7868432853152916,0.4840435315567909,0.28031888914696035,0.12010271443858689,0.037672457309385454,0.0,0.0,1.730906496340187,1.6739920864998892,0.996916569266359,0.6785837813576644,10604.375953303768,12873.106982399171
aguilamora,Hub Norte (resto),VMN,31.611587811657042,1.0,31.611587811657042,,aguilamora,0.8371291774281999,0.09450427150726318,0.03968374800682068,0.007354762434959412,0.01014241534471512,0.0017210679699977238,0.0010587518935402235,0.0006131435198088487,0.00026270153000950813,8.240123648041239e-05,0.0,0.0,0.003786024212837219,0.003661534915367762,26.46298250197177,2.9874300773285287,1.2544662848132822,0.23249571854659604,0.32061785329175985,0.054405691263413374,0.033468828453404945,0.019382440217585898,0.008304412484152224,0.0026048339227896736,0.0,0.0,0.11968223686116349,0.11574693250259625,0.996916569266359,0.6785837813576644,10604.375953303768,12873.106982399171
alnortedeladorsal,NEUBA I,NEUI,151.9593548387097,1.0,151.9593548387097,,alnortedeladorsal,0.8371291774281999,0.09450427150726318,0.03968374800682068,0.007354762434959412,0.01014241534471512,0.0017210679699977238,0.0010587518935402235,0.0006131435198088487,0.00026270153000950813,8.240123648041239e-05,0.0,0.0,0.003786024212837219,0.003661534915367762,127.20960971864899,14.360808127745967,6.0303167446984025,1.1176249546084098,1.5412348922891388,0.2615323783544219,0.16088725467663462,0.09317289369368825,0.03991995501538679,0.012521638733475416,0.0,0.0,0.5753217967864774,0.5564044834586946,0.996916569266359,0.6785837813576644,10604.375953303768,12873.106982399171
alsurdeladorsal,NEUBA I,NEUI,45.85636087676219,1.0,45.85636087676219,,alsurdeladorsal,0.8371291774281999,0.09450427150726318,0.03968374800682068,0.007354762434959412,0.01014241534471512,0.0017210679699977238,0.0010587518935402235,0.0006131435198088487,0.00026270153000950813,8.240123648041239e-05,0.0,0.0,0.003786024212837219,0.003661534915367762,38.38769766061462,4.333621978632575,1.8197522695432613,0.337262640380353,0.46509425820926686,0.07892191392565215,0.048550508909135794,0.028116530513602748,0.012046536162993577,0.003778620836737212,0.0,0.0,0.17361329259202302,0.167904666441969,0.996916569266359,0.6785837813576644,10604.375953303768,12873.106982399171
altiplaniciedelpayun,Otros,Otros,0.0,1.0,0.0,,altiplaniciedelpayun,0.8371291774281999,0.09450427150726318,0.03968374800682068,0.007354762434959412,0.01014241534471512,0.0017210679699977238,0.0010587518935402235,0.0006131435198088487,0.00026270153000950813,8.240123648041239e-05,0.0,0.0,0.003786024212837219,0.003661534915367762,0.0,0.0,0.0,0.0,0.0,0.0,0.0,0.0,0.0,0.0,0.0,0.0,0.0,0.0,0.996916569266359,0.6785837813576644,10604.375953303768,12873.106982399171
angosturaang,NEUBA I,NEUI,0.0,1.0,0.0,,angosturaang,0.8371291774281999,0.09450427150726318,0.03968374800682068,0.007354762434959412,0.01014241534471512,0.0017210679699977238,0.0010587518935402235,0.0006131435198088487,0.00026270153000950813,8.240123648041239e-05,0.0,0.0,0.003786024212837219,0.003661534915367762,0.0,0.0,0.0,0.0,0.0,0.0,0.0,0.0,0.0,0.0,0.0,0.0,0.0,0.0,0.996916569266359,0.6785837813576644,10604.375953303768,12873.106982399171
anticlinalcampamento,NEUBA I,NEUI,42.969515561151255,1.0,42.969515561151255,,anticlinalcampamento,0.8371291774281999,0.09450427150726318,0.03968374800682068,0.007354762434959412,0.01014241534471512,0.0017210679699977238,0.0010587518935402235,0.0006131435198088487,0.00026270153000950813,8.240123648041239e-05,0.0,0.0,0.003786024212837219,0.003661534915367762,35.971035216194785,4.060802765126608,1.7051914275038864,0.31603057889755914,0.4358146739823956,0.0739534569186162,0.04549405596487499,0.026346480015645376,0.011288157481681802,0.0035407412132031843,0.0,0.0,0.1626836263284043,0.1573343815235937,0.996916569266359,0.6785837813576644,10604.375953303768,12873.106982399171
bajadadeanelo,Bajada De Añelo,GPA (a MEGA),0.0,1.0,0.0,,bajadadeanelo,0.802003,0.130239,0.043881,0.006152,0.008852,0.002037200000000006,0.0015279000000000041,0.001018600000000003,0.0005093000000000015,0.0,0.0,0.0,0.00116,0.00262,0.0,0.0,0.0,0.0,0.0,0.0,0.0,0.0,0.0,0.0,0.0,0.0,0.0,0.0,0.996683060435859,0.6974023698668689,10929.983587359222,13088.136037552262
bajadadelpalo,Hub Centro (resto),Otros,0.0,1.0,0.0,,bajadadelpalo,0.8371291774281999,0.09450427150726318,0.03968374800682068,0.007354762434959412,0.01014241534471512,0.0017210679699977238,0.0010587518935402235,0.0006131435198088487,0.00026270153000950813,8.240123648041239e-05,0.0,0.0,0.003786024212837219,0.003661534915367762,0.0,0.0,0.0,0.0,0.0,0.0,0.0,0.0,0.0,0.0,0.0,0.0,0.0,0.0,0.996916569266359,0.6785837813576644,10604.375953303768,12873.106982399171
bajadadelpaloeste,Hub Centro (resto),Pampa EM - BM,110.74935483870968,1.0,110.74935483870968,,bajadadelpaloeste,0.7518323333333333,0.13297466666666663,0.071394,0.007239,0.01787533333333333,0.002461000000000001,0.002651,0.0005030666666666666,0.00014373333333333332,7.186666666666666e-05,0.0,0.0,0.009604000000000001,0.0032499999999999994,83.26494586354839,14.726858543225802,7.9068394393548385,0.8017145796774193,1.979681634193548,0.2725541622580646,0.2935965396774194,0.05571430877419354,0.01591837393548387,0.007959186967741935,0.0,0.0,1.0636368038709678,0.3599354032258064,0.9962339510884118,0.745584504375694,11458.96718706134,13270.798013856545
bajadadelpalooeste,Hub Centro (resto),Pampa EM - BM,977.2922580645162,0.42752942005343963,417.8211923130391,,bajadadelpalooeste,0.686404766666667,0.15419333333333335,0.09323066666666667,0.01022836666666667,0.027672633333333346,0.004987599999999998,0.005833066666666665,0.0032979799999997396,0.0009422799999999256,0.0004711399999999628,0.0,0.0,0.009745100000000003,0.002993066666666667,286.79445801802024,64.42524238005521,38.953748306806176,4.2736283560816135,11.562212653774887,2.083924978780513,2.4371788695081107,1.3779659358244478,0.3937045530926994,0.1968522765463497,0.0,0.0,4.071709301209799,1.2505666833390805,0.9953545618948894,0.8178863944136004,12464.735376120389,13782.7719726953
bajadadelpalooeste,Hub Centro (resto),VMS,977.2922580645162,0.5724705799465604,559.4710657514771,,bajadadelpalooeste,0.686404766666667,0.15419333333333335,0.09323066666666667,0.01022836666666667,0.027672633333333346,0.004987599999999998,0.005833066666666665,0.0032979799999997396,0.0009422799999999256,0.0004711399999999628,0.0,0.0,0.009745100000000003,0.002993066666666667,384.0236063438942,86.26670853177276,52.15986044072071,5.722475199896886,15.482037663149857,2.790417887542066,3.2634320245994153,1.8451243854269108,0.5271783958362602,0.2635891979181301,0.0,0.0,5.452101482854721,1.6745341978652213,0.9953545618948894,0.8178863944136004,12464.735376120389,13782.7719726953
bajodelchoiquelainvernada,Hub Norte (resto),VMN,-82.57310166550941,1.0,-82.57310166550941,,bajodelchoiquelainvernada,0.6930447481549685,0.14822337367427546,0.08512721137971638,0.01201752855059468,0.03104457162573395,0.0080110170290531,0.007009514524544584,0.005006509515527551,0.0010015025045085166,0.0005005005005005005,0.0,0.0,0.005005005005005005,0.004006010018034066,-57.226854448147584,-12.239263703610739,-7.02921787975863,-0.9923246067764165,-2.5634465690139185,-0.6614945235841289,-0.5787973554610848,-0.4134030192149968,-0.08269716812304403,-0.04132787871146617,-0.0,-0.0,-0.4132787871146617,-0.33078867249217614,0.9952083061479422,0.8263665245874178,12627.998785106498,13891.468979627778
bajodeltoro,GPA,TBX El Porton,129.26806451612904,1.0,129.26806451612904,TBX,bajodeltorotbx,0.8686316549603552,0.09687926284930569,0.0007536752104118354,4.871639191406924e-05,0.00010959894408789543,0.0,0.0,0.0,0.0,0.0,0.0,0.0,0.016521487647036835,0.01705560399688834,112.28633281416714,12.523394800279071,0.09742613572372427,0.006297473692940929,0.014167643375253686,0.0,0.0,0.0,0.0,0.0,0.0,0.0,2.1357007310595866,2.2047449178313103,0.997578263020911,0.6265490174801136,9395.771637107193,11870.114989640968
bandurriacentro,Hub Centro (resto),VMN,17.904838709677417,1.0,17.904838709677417,,bandurriacentro,0.7518323333333333,0.13297466666666663,0.071394,0.007239,0.01787533333333333,0.002461000000000001,0.002651,0.0005030666666666666,0.00014373333333333332,7.186666666666666e-05,0.0,0.0,0.009604000000000001,0.0032499999999999994,13.461436665053762,2.380889959139784,1.2782980548387095,0.12961312741935482,0.32005496021505364,0.04406380806451614,0.047465727419354835,0.009007327526881718,0.002573522150537634,0.001286761075268817,0.0,0.0,0.17195807096774193,0.05819072580645159,0.9962339510884118,0.745584504375694,11458.96718706134,13270.798013856545
bandurrianorte,Hub Centro (resto),VMN,0.0,1.0,0.0,,bandurrianorte,0.7806299999999999,0.13329000000000002,0.05378,0.00856,0.01214,0.00263,0.00213,0.001512,0.00043200000000000004,0.00021600000000000002,0.0,0.0,0.0027700000000000003,0.00191,0.0,0.0,0.0,0.0,0.0,0.0,0.0,0.0,0.0,0.0,0.0,0.0,0.0,0.0,0.9964365106769582,0.7209950235130169,11248.872314960914,13247.772259222125
bandurriasur,Hub Centro (resto),TOTAL - APE / ASR,1279.425806451613,1.0,1279.425806451613,,bandurriasur,0.7866689930462045,0.11830063776903263,0.04813748933887026,0.010461365779162157,0.014601684918848582,0.004825946345645965,0.003913755587110438,0.005916998312951869,0.001690570946557677,0.0008452854732788385,0.0,0.0,0.002677754807489837,0.0019740213470009925,1006.4846108386186,151.35688888138472,61.58834611794,13.384541348589849,18.6817725028502,6.174440295170304,5.007359898293278,7.5703603383212785,2.1629600966632228,1.0814800483316114,0.0,0.0,3.425988604052368,2.525613853839444,0.9962105254254792,0.7390374016884859,11496.067365850331,13372.60729233018
campoindioesteelcerrito,Otros,0,2231.8929989939825,0.0,0.0,,campoindioesteelcerrito,0.0,0.0,0.0,0.0,0.0,0.0,0.0,0.0,0.0,0.0,0.0,0.0,0.0,0.0,0.0,0.0,0.0,0.0,0.0,0.0,0.0,0.0,0.0,0.0,0.0,0.0,0.0,0.0,1.0,0.0,0.0,0.0
centenariocentro,NEUBA I,NEUI,815.9503225806451,1.0,815.9503225806451,,centenariocentro,0.926961519051664,0.05344780389075056,0.006802329385136977,0.0005839268269382986,0.0009777878358256968,0.0003184204852873256,0.00023236662170201137,0.00013999353653994934,3.9998153297128395e-05,1.9999076648564197e-05,0.0,0.0,0.008187421545842833,0.002288433590366701,756.3545504900501,43.61075282588498,5.550362856102318,0.47645528280379723,0.7978263000574082,0.2598152976864789,0.1895996199347309,0.11422777129897699,0.032636506085422005,0.016318253042711003,0.0,0.0,6.680529251434184,1.8672481262640936,0.9977133990189085,0.5971483766191277,9439.729677155974,12215.702002208869
cerroarena,Hub Centro (resto),Otros,0.0,1.0,0.0,,cerroarena,0.8371291774281999,0.09450427150726318,0.03968374800682068,0.007354762434959412,0.01014241534471512,0.0017210679699977238,0.0010587518935402235,0.0006131435198088487,0.00026270153000950813,8.240123648041239e-05,0.0,0.0,0.003786024212837219,0.003661534915367762,0.0,0.0,0.0,0.0,0.0,0.0,0.0,0.0,0.0,0.0,0.0,0.0,0.0,0.0,0.996916569266359,0.6785837813576644,10604.375953303768,12873.106982399171
cerrodragon,Otros,0,0.0,0.0,0.0,,cerrodragon,0.0,0.0,0.0,0.0,0.0,0.0,0.0,0.0,0.0,0.0,0.0,0.0,0.0,0.0,0.0,0.0,0.0,0.0,0.0,0.0,0.0,0.0,0.0,0.0,0.0,0.0,0.0,0.0,1.0,0.0,0.0,0.0
cerrolasminas,Otros,Otros,0.0,1.0,0.0,,cerrolasminas,0.8371291774281999,0.09450427150726318,0.03968374800682068,0.007354762434959412,0.01014241534471512,0.0017210679699977238,0.0010587518935402235,0.0006131435198088487,0.00026270153000950813,8.240123648041239e-05,0.0,0.0,0.003786024212837219,0.003661534915367762,0.0,0.0,0.0,0.0,0.0,0.0,0.0,0.0,0.0,0.0,0.0,0.0,0.0,0.0,0.996916569266359,0.6785837813576644,10604.375953303768,12873.106982399171
chidelasalinaybr,Otros,Otros,120.82516129032257,1.0,120.82516129032257,,chidelasalinaybr,0.8371291774281999,0.09450427150726318,0.03968374800682068,0.007354762434959412,0.01014241534471512,0.0017210679699977238,0.0010587518935402235,0.0006131435198088487,0.00026270153000950813,8.240123648041239e-05,0.0,0.0,0.003786024212837219,0.003661534915367762,101.14626788359732,11.41849384748951,4.794795253528625,0.8886403574559766,1.2254589698986469,0.207948315066583,0.12792386830343194,0.07408316467502023,0.03174095473461334,0.009956142688267838,0.0,0.0,0.4574469861651235,0.4424055467194575,0.996916569266359,0.6785837813576644,10604.375953303768,12873.106982399171
chidelasierranegra,Otros,Otros,0.0,1.0,0.0,,chidelasierranegra,0.8371291774281999,0.09450427150726318,0.03968374800682068,0.007354762434959412,0.01014241534471512,0.0017210679699977238,0.0010587518935402235,0.0006131435198088487,0.00026270153000950813,8.240123648041239e-05,0.0,0.0,0.003786024212837219,0.003661534915367762,0.0,0.0,0.0,0.0,0.0,0.0,0.0,0.0,0.0,0.0,0.0,0.0,0.0,0.0,0.996916569266359,0.6785837813576644,10604.375953303768,12873.106982399171
cnviia,GPA,Otros,0.0,1.0,0.0,,cnviia,0.8371291774281999,0.09450427150726318,0.03968374800682068,0.007354762434959412,0.01014241534471512,0.0017210679699977238,0.0010587518935402235,0.0006131435198088487,0.00026270153000950813,8.240123648041239e-05,0.0,0.0,0.003786024212837219,0.003661534915367762,0.0,0.0,0.0,0.0,0.0,0.0,0.0,0.0,0.0,0.0,0.0,0.0,0.0,0.0,0.996916569266359,0.6785837813576644,10604.375953303768,12873.106982399171
coironamargonorte,Otros,Otros,0.0,1.0,0.0,,coironamargonorte,0.8371291774281999,0.09450427150726318,0.03968374800682068,0.007354762434959412,0.01014241534471512,0.0017210679699977238,0.0010587518935402235,0.0006131435198088487,0.00026270153000950813,8.240123648041239e-05,0.0,0.0,0.003786024212837219,0.003661534915367762,0.0,0.0,0.0,0.0,0.0,0.0,0.0,0.0,0.0,0.0,0.0,0.0,0.0,0.0,0.996916569266359,0.6785837813576644,10604.375953303768,12873.106982399171
coironamargosureste,Otros,VMN,51.279436681530164,1.0,51.279436681530164,,coironamargosureste,0.7396140357142853,0.13372425000000004,0.07135407142857139,0.006525249999999999,0.017335321428571433,0.0029311071428571437,0.0033182142857142868,0.0012180750000002972,0.00034802142857151357,0.00017401071428575679,0.0,0.0,0.021595214285714284,0.0018624285714285707,37.926991113181685,6.8573042106601125,3.6589965877908073,0.3346111442061547,0.8889455175504019,0.1503055231389237,0.17015615936003461,0.06246219983587009,0.017846342810248602,0.008923171405124301,0.0,0.0,1.1073904235883612,0.09550428800244407,0.9962345636204333,0.7526035584353828,11409.922492361828,13152.235013904803
coironamargosuroeste,Otros,MEGA,129.2545397474165,1.0,129.2545397474165,,coironamargosuroeste,0.7396140357142853,0.13372425000000004,0.07135407142857139,0.006525249999999999,0.017335321428571433,0.0029311071428571437,0.0033182142857142868,0.0012180750000002972,0.00034802142857151357,0.00017401071428575679,0.0,0.0,0.021595214285714284,0.0018624285714285707,95.59847177697921,17.284466386818465,9.222837661604276,0.8434181854868293,2.240668992623527,0.37885890470036504,0.42889426028330246,0.15744172350287275,0.04498334957224937,0.022491674786124686,0.0,0.0,2.791279483246833,0.2407273478124383,0.9962345636204333,0.7526035584353828,11409.922492361828,13152.235013904803
confluencianorte,Otros,Otros,24.40454711732,1.0,24.40454711732,,confluencianorte,0.8371291774281999,0.09450427150726318,0.03968374800682068,0.007354762434959412,0.01014241534471512,0.0017210679699977238,0.0010587518935402235,0.0006131435198088487,0.00026270153000950813,8.240123648041239e-05,0.0,0.0,0.003786024212837219,0.003661534915367762,20.42975845382984,2.306333946787006,0.968463898024309,0.17948964638066214,0.24752105316352951,0.042001884365919735,0.02583836047145415,0.014963489918854475,0.0064111118669090954,0.0020109648582116516,0.0,0.0,0.09239620628950028,0.08935810136380486,0.996916569266359,0.6785837813576644,10604.375953303768,12873.106982399171
confluenciasur,NEUBA I,NEUI,0.0,1.0,0.0,,confluenciasur,0.8371291774281999,0.09450427150726318,0.03968374800682068,0.007354762434959412,0.01014241534471512,0.0017210679699977238,0.0010587518935402235,0.0006131435198088487,0.00026270153000950813,8.240123648041239e-05,0.0,0.0,0.003786024212837219,0.003661534915367762,0.0,0.0,0.0,0.0,0.0,0.0,0.0,0.0,0.0,0.0,0.0,0.0,0.0,0.0,0.996916569266359,0.6785837813576644,10604.375953303768,12873.106982399171
covunconortesur,Otros,0,0.0,0.0,0.0,,covunconortesur,0.0,0.0,0.0,0.0,0.0,0.0,0.0,0.0,0.0,0.0,0.0,0.0,0.0,0.0,0.0,0.0,0.0,0.0,0.0,0.0,0.0,0.0,0.0,0.0,0.0,0.0,0.0,0.0,1.0,0.0,0.0,0.0
cruzdelorena,Otros,MEGA,190.19099141831407,1.0,190.19099141831407,,cruzdelorena,0.7518323333333333,0.13297466666666663,0.071394,0.007239,0.01787533333333333,0.002461000000000001,0.002651,0.0005030666666666666,0.00014373333333333332,7.186666666666666e-05,0.0,0.0,0.009604000000000001,0.0032499999999999994,142.99173685701103,25.290583686853168,13.578495641319115,1.3767925868771755,3.399727368599503,0.46806002988047113,0.5041963182499506,0.09567874808283984,0.027336785166525674,0.013668392583262837,0.0,0.0,1.8265942815814886,0.6181207221095206,0.9962339510884118,0.745584504375694,11458.96718706134,13270.798013856545
cuencamarinaaustral,Otros,0,0.0,0.0,0.0,,cuencamarinaaustral,0.0,0.0,0.0,0.0,0.0,0.0,0.0,0.0,0.0,0.0,0.0,0.0,0.0,0.0,0.0,0.0,0.0,0.0,0.0,0.0,0.0,0.0,0.0,0.0,0.0,0.0,0.0,0.0,1.0,0.0,0.0,0.0
dadin,NEUBA I,NEUI,4.22070799009777,1.0,4.22070799009777,,dadin,0.8371291774281999,0.09450427150726318,0.03968374800682068,0.007354762434959412,0.01014241534471512,0.0017210679699977238,0.0010587518935402235,0.0006131435198088487,0.00026270153000950813,8.240123648041239e-05,0.0,0.0,0.003786024212837219,0.003661534915367762,3.533277807915177,0.3988749338490747,0.1674935122894145,0.03104230457450412,0.04280817348432933,0.007264125332470742,0.004468682576596365,0.002587899753133878,0.00110878644672204,0.0003477915572068124,0.0,0.0,0.01597970264582567,0.015454269673314676,0.996916569266359,0.6785837813576644,10604.375953303768,12873.106982399171
diadema,Otros,0,-105.15258064516132,0.0,0.0,,diadema,0.0,0.0,0.0,0.0,0.0,0.0,0.0,0.0,0.0,0.0,0.0,0.0,0.0,0.0,0.0,0.0,0.0,0.0,0.0,0.0,0.0,0.0,0.0,0.0,0.0,0.0,0.0,0.0,1.0,0.0,0.0,0.0
elcerritooeste,Otros,0,0.0,0.0,0.0,,elcerritooeste,0.0,0.0,0.0,0.0,0.0,0.0,0.0,0.0,0.0,0.0,0.0,0.0,0.0,0.0,0.0,0.0,0.0,0.0,0.0,0.0,0.0,0.0,0.0,0.0,0.0,0.0,0.0,0.0,1.0,0.0,0.0,0.0
elcerritosantacruzi,Otros,0,0.0,0.0,0.0,,elcerritosantacruzi,0.0,0.0,0.0,0.0,0.0,0.0,0.0,0.0,0.0,0.0,0.0,0.0,0.0,0.0,0.0,0.0,0.0,0.0,0.0,0.0,0.0,0.0,0.0,0.0,0.0,0.0,0.0,0.0,1.0,0.0,0.0,0.0
elhuemul,Otros,0,0.0,0.0,0.0,,elhuemul,0.0,0.0,0.0,0.0,0.0,0.0,0.0,0.0,0.0,0.0,0.0,0.0,0.0,0.0,0.0,0.0,0.0,0.0,0.0,0.0,0.0,0.0,0.0,0.0,0.0,0.0,0.0,0.0,1.0,0.0,0.0,0.0
elmangrullo,EM / RDM,Pampa EM - BM,5205.042258064516,0.4668272935895373,2429.855790351432,,elmangrullo,0.9057,0.056779,0.0246,0.002085,0.001313,0.0015,0.00025,0.00031499999999999996,9e-05,1.000000000139778e-06,0.0,0.0,0.0018,0.005567,2200.720389321292,137.96478192036398,59.77445244264523,5.066249322882736,3.19040065273143,3.6447836855271483,0.607463947587858,0.7654045739607009,0.21868702113162888,0.0024298557906910724,0.0,0.0,4.373740422632578,13.527007184886422,0.9974677758511312,0.6222301914086271,9808.248226013016,12434.14445382258
elmangrullo,EM / RDM,VMS,5205.042258064516,0.5331727064104627,2775.186467713084,,elmangrullo,0.9057,0.056779,0.0246,0.002085,0.001313,0.0015,0.00025,0.00031499999999999996,9e-05,1.000000000139778e-06,0.0,0.0,0.0018,0.005567,2513.48638380774,157.5723124502812,68.26958710574186,5.78626378518178,3.6438198321072788,4.162779701569626,0.693796616928271,0.8741837373296213,0.24976678209417758,0.002775186468100994,0.0,0.0,4.995335641883551,15.449463065758737,0.9974677758511312,0.6222301914086271,9808.248226013016,12434.14445382258
elmanzanooesteresto,EM / RDM,Otros,0.0,1.0,0.0,,elmanzanooesteresto,0.8371291774281999,0.09450427150726318,0.03968374800682068,0.007354762434959412,0.01014241534471512,0.0017210679699977238,0.0010587518935402235,0.0006131435198088487,0.00026270153000950813,8.240123648041239e-05,0.0,0.0,0.003786024212837219,0.003661534915367762,0.0,0.0,0.0,0.0,0.0,0.0,0.0,0.0,0.0,0.0,0.0,0.0,0.0,0.0,0.996916569266359,0.6785837813576644,10604.375953303768,12873.106982399171
elorejano,GPA,GPA (a MEGA),2063.8012903225804,1.0,2063.8012903225804,,elorejano,0.851940428,0.07647863333333332,0.022024699999999994,0.005108966666666667,0.004642233333333333,0.001579466666666667,0.0009148666666666666,0.0010462619999999998,0.0005553530000000001,0.0005804236666666669,0.0,0.0,0.002316466666666667,0.03281219999999999,1758.2357545843715,157.83670215544083,45.45460427896772,10.543891998881719,9.580647143311825,3.2597053446881725,1.8881030071397846,2.159276865615483,1.1461382379845162,1.1978791122004304,0.0,0.0,4.7807268956559135,67.71786069832255,0.9971519036190758,0.6718924791279547,9877.728724700033,12050.559319880746
elporton,GPA,TBX El Porton,388.1138709677419,1.0,388.1138709677419,TBX,elportontbx,0.8686316549603552,0.09687926284930569,0.0007536752104118354,4.871639191406924e-05,0.00010959894408789543,0.0,0.0,0.0,0.0,0.0,0.0,0.0,0.016521487647036835,0.01705560399688834,337.1279940517794,37.600185720945376,0.2925118033653648,0.018907507445351013,0.0425368704439302,0.0,0.0,0.0,0.0,0.0,0.0,0.0,6.412218524837196,6.619516488925223,0.997578263020911,0.6265490174801136,9395.771637107193,11870.114989640968
eltrapialcuramchedhuantraico,El Trapial,VMN,657.8029999999994,1.0,657.8029999999994,,eltrapialcuramchedhuantraico,0.7081660666666666,0.1370790333333333,0.07708870000000002,0.01226886666666667,0.028260399999999998,0.007082866666666668,0.008285966666666665,0.003088516666666635,0.0008824333333333243,0.00044121666666666217,0.0,0.0,0.0025782333333333337,0.0147777,465.8337631515329,90.17099936376657,50.70917812609997,8.070497299933328,18.58977590119998,4.659130941933331,5.450533731233327,2.0316355288833106,0.5804672939666602,0.2902336469833301,0.0,0.0,1.6959696213666655,9.720815393099992,0.9954350041204287,0.8141440358984146,12251.726004328544,13578.339178277713
entrelomas,Otros,Otros,54.989157268608594,1.0,54.989157268608594,,entrelomas,0.8371291774281999,0.09450427150726318,0.03968374800682068,0.007354762434959412,0.01014241534471512,0.0017210679699977238,0.0010587518935402235,0.0006131435198088487,0.00026270153000950813,8.240123648041239e-05,0.0,0.0,0.003786024212837219,0.003661534915367762,46.033027991740234,5.196710248468181,2.1821758601548953,0.4044321882092378,0.5577228724740887,0.09464007727216978,0.05821987438232049,0.033716245438997004,0.014445735748396943,0.004531174551949204,0.0,0.0,0.20819028086246588,0.20134471930565934,0.996916569266359,0.6785837813576644,10604.375953303768,12873.106982399171
estacionfernandezoro,NEUBA I,NEUI,689.881935483871,1.0,689.881935483871,,estacionfernandezoro,0.8736572989633693,0.07879965585789868,0.024314996412684954,0.002843869769924164,0.004804360803205218,0.0007687191599795013,0.0006956148566481173,0.0003008021846586454,8.594348133104154e-05,4.297174066552077e-05,0.0,0.0,0.01304462441965215,0.0006411423499829033,602.7203883584601,54.36245909871009,16.774476786466476,1.961934381139353,3.3144417296780606,0.5303254619301938,0.47989212365573863,0.20751799335008303,0.059290855242880865,0.029645427621440432,0.0,0.0,8.999250742289792,0.4423125253268827,0.9973570262477007,0.6383383278294681,9977.24024475962,12487.772235731054
estanciaaguafresca,Otros,0,0.0,0.0,0.0,,estanciaaguafresca,0.0,0.0,0.0,0.0,0.0,0.0,0.0,0.0,0.0,0.0,0.0,0.0,0.0,0.0,0.0,0.0,0.0,0.0,0.0,0.0,0.0,0.0,0.0,0.0,0.0,0.0,0.0,0.0,1.0,0.0,0.0,0.0
fortindepiedra,Fortin De Piedra,NEUII,12677.494838709677,0.0,0.0,Planta,fortindepiedraplanta,0.83917,0.10549,0.03375,0.0067,0.00691,0.0013,0.00075,0.00042,8e-05,3e-05,0.0,0.0,0.00262,0.00278,0.0,0.0,0.0,0.0,0.0,0.0,0.0,0.0,0.0,0.0,0.0,0.0,0.0,0.0,0.9970029260353526,0.6684980444480417,10502.613648885153,12845.390730699242
fortindepiedra,Fortin De Piedra,MEGA,12677.494838709677,0.1641157379337146,2080.5764206056965,Otra,fortindepiedraotra,0.826056262678638,0.08972229916664214,0.03874514871955674,0.013948078133030731,0.014047882838799132,0.003942911678044568,0.002599316470189401,0.0021726586797586106,0.0011777629840513176,0.0013460985364436198,0.0,0.0,0.0027878739455209313,0.003439076786257258,1718.6731822228396,186.67410004864576,80.61224283877075,29.020042476349666,29.227693793836888,8.203529065870368,5.408076557568097,4.520382419130068,2.4504258936793746,2.800660874736433,0.0,0.0,5.80038479467182,7.155262070139268,0.9965826422673962,0.7083105817548803,11033.70922709082,13110.210648205031
fortindepiedra,Fortin De Piedra,VMS,12677.494838709677,0.0,0.0,Otra,fortindepiedraotra,0.826056262678638,0.08972229916664214,0.03874514871955674,0.013948078133030731,0.014047882838799132,0.003942911678044568,0.002599316470189401,0.0021726586797586106,0.0011777629840513176,0.0013460985364436198,0.0,0.0,0.0027878739455209313,0.003439076786257258,0.0,0.0,0.0,0.0,0.0,0.0,0.0,0.0,0.0,0.0,0.0,0.0,0.0,0.0,0.9965826422673962,0.7083105817548803,11033.70922709082,13110.210648205031
fortindepiedra,Fortin De Piedra,YPF - RDM,12677.494838709677,0.06793752138489807,861.2775767117737,Otra,fortindepiedraotra,0.826056262678638,0.08972229916664214,0.03874514871955674,0.013948078133030731,0.014047882838799132,0.003942911678044568,0.002599316470189401,0.0021726586797586106,0.0011777629840513176,0.0013460985364436198,0.0,0.0,0.0027878739455209313,0.003439076786257258,711.4637361474416,77.27580440325433,33.37032779851711,12.01316693420319,12.099126489331828,3.3959414152547787,2.2387329905517284,1.8712622027242976,1.0143808488445463,1.159364485483426,0.0,0.0,2.401133315976159,2.961999720593366,0.9965826422673962,0.7083105817548803,11033.70922709082,13110.210648205031
fortindepiedra,Fortin De Piedra,CO (Paralelo),12677.494838709677,0.2557647863902045,3242.456759385501,Planta,fortindepiedraplanta,0.83917,0.10549,0.03375,0.0067,0.00691,0.0013,0.00075,0.00042,8e-05,3e-05,0.0,0.0,0.00262,0.00278,2720.9724387735305,342.04676354757646,109.43291562926066,21.724460287882856,22.40537620735381,4.215193787201151,2.4318425695391257,1.3618318389419104,0.25939654075084007,0.09727370278156502,0.0,0.0,8.495236709590012,9.014029791091692,0.9970029260353526,0.6684980444480417,10502.613648885153,12845.390730699242
laamargachica,Hub Centro (resto),YPF - RDM,1122.7967741935483,1.0,1122.7967741935483,,laamargachica,0.7518323333333333,0.13297466666666663,0.071394,0.007239,0.01787533333333333,0.002461000000000001,0.002651,0.0005030666666666666,0.00014373333333333332,7.186666666666666e-05,0.0,0.0,0.009604000000000001,0.0032499999999999994,844.1549186010752,149.30352678279564,80.16095289677419,8.127925848387097,20.07036660430107,2.7632028612903237,2.9765342483870967,0.5648416305376343,0.16138332301075267,0.08069166150537634,0.0,0.0,10.783340219354839,3.6490895161290315,0.9962339510884118,0.745584504375694,11458.96718706134,13270.798013856545
laangosturasuri,NEUBA I,NEUI,0.0,1.0,0.0,,laangosturasuri,0.7518323333333333,0.13297466666666663,0.071394,0.007239,0.01787533333333333,0.002461000000000001,0.002651,0.0005030666666666666,0.00014373333333333332,7.186666666666666e-05,0.0,0.0,0.009604000000000001,0.0032499999999999994,0.0,0.0,0.0,0.0,0.0,0.0,0.0,0.0,0.0,0.0,0.0,0.0,0.0,0.0,0.9962339510884118,0.745584504375694,11458.96718706134,13270.798013856545
laangosturasurii,NEUBA I,NEUI,0.0,1.0,0.0,,laangosturasurii,0.8371291774281999,0.09450427150726318,0.03968374800682068,0.007354762434959412,0.01014241534471512,0.0017210679699977238,0.0010587518935402235,0.0006131435198088487,0.00026270153000950813,8.240123648041239e-05,0.0,0.0,0.003786024212837219,0.003661534915367762,0.0,0.0,0.0,0.0,0.0,0.0,0.0,0.0,0.0,0.0,0.0,0.0,0.0,0.0,0.996916569266359,0.6785837813576644,10604.375953303768,12873.106982399171
lacalera,La Calera,VMS,9032.786256369609,0.8355351009298703,7547.209976393726,,lacalera,0.7866689930462045,0.11830063776903263,0.04813748933887026,0.010461365779162157,0.014601684918848582,0.004825946345645965,0.003913755587110438,0.005916998312951869,0.001690570946557677,0.0008452854732788385,0.0,0.0,0.002677754807489837,0.0019740213470009925,5937.1560724379215,892.8397535841834,363.3037397768682,78.95412417519655,110.20198209169183,36.42243040540007,29.53793521220658,44.65682869781519,12.759093913661484,6.379546956830742,0.0,0.0,20.209577797423556,14.898353603700071,0.9962105254254792,0.7390374016884859,11496.067365850331,13372.60729233018
lacalera,La Calera,YPF - RDM,9032.786256369609,0.16446489907012976,1485.576279975883,,lacalera,0.7866689930462045,0.11830063776903263,0.04813748933887026,0.010461365779162157,0.014601684918848582,0.004825946345645965,0.003913755587110438,0.005916998312951869,0.001690570946557677,0.0008452854732788385,0.0,0.0,0.002677754807489837,0.0019740213470009925,1168.6567962619542,175.74462137569392,71.5119123394176,15.541156857674721,21.69191676312303,7.169311419527939,5.814182465834352,8.790152342378613,2.511472097822461,1.2557360489112306,0.0,0.0,3.978009025598288,2.9325592892707157,0.9962105254254792,0.7390374016884859,11496.067365850331,13372.60729233018
laescalonada,Hub Norte (resto),VMN,182.2770066487767,1.0,182.2770066487767,,laescalonada,0.6930447481549685,0.14822337367427546,0.08512721137971638,0.01201752855059468,0.03104457162573395,0.0080110170290531,0.007009514524544584,0.005006509515527551,0.0010015025045085166,0.0005005005005005005,0.0,0.0,0.005005005005005005,0.004006010018034066,126.32612216734297,27.017712868730023,15.516733274652383,2.1905191315186103,5.658711588632332,1.4602242042681755,1.27767332559511,0.9125715682489793,0.1825508786730654,0.09122973305744579,0.0,0.0,0.9122973305744579,0.7302035146922616,0.9952083061479422,0.8263665245874178,12627.998785106498,13891.468979627778
lariberabloquei,EM / RDM,YPF - RDM,593.1596774193548,1.0,593.1596774193548,,lariberabloquei,0.813,0.116,0.04218802581879268,0.00992864059922961,0.01010289083270554,0.002316136959433506,0.0017827523773971108,0.00021000000000000004,6e-05,3e-05,0.0,0.0,0.0028000000000000004,0.0015815534124415773,482.2388177419354,68.80652258064517,25.024235785634477,5.889269255051745,5.992627467330575,1.3738390517166237,1.0574568250954581,0.12456353225806453,0.03558958064516129,0.017794790322580644,0.0,0.0,1.6608470967741937,0.9381137119453258,0.9967400587428911,0.6936664790285056,10875.84379185078,13058.329028332519
lariberabloqueii,EM / RDM,Otros,0.0,1.0,0.0,,lariberabloqueii,0.8371291774281999,0.09450427150726318,0.03968374800682068,0.007354762434959412,0.01014241534471512,0.0017210679699977238,0.0010587518935402235,0.0006131435198088487,0.00026270153000950813,8.240123648041239e-05,0.0,0.0,0.003786024212837219,0.003661534915367762,0.0,0.0,0.0,0.0,0.0,0.0,0.0,0.0,0.0,0.0,0.0,0.0,0.0,0.0,0.996916569266359,0.6785837813576644,10604.375953303768,12873.106982399171
lasmanadas,Otros,MEGA,0.0,1.0,0.0,,lasmanadas,0.8371291774281999,0.09450427150726318,0.03968374800682068,0.007354762434959412,0.01014241534471512,0.0017210679699977238,0.0010587518935402235,0.0006131435198088487,0.00026270153000950813,8.240123648041239e-05,0.0,0.0,0.003786024212837219,0.003661534915367762,0.0,0.0,0.0,0.0,0.0,0.0,0.0,0.0,0.0,0.0,0.0,0.0,0.0,0.0,0.996916569266359,0.6785837813576644,10604.375953303768,12873.106982399171
lastacanas,EM / RDM,MEGA,77.10990826108022,1.0,77.10990826108022,,lastacanas,0.8371291774281999,0.09450427150726318,0.03968374800682068,0.007354762434959412,0.01014241534471512,0.0017210679699977238,0.0010587518935402235,0.0006131435198088487,0.00026270153000950813,8.240123648041239e-05,0.0,0.0,0.003786024212837219,0.003661534915367762,64.55095407416205,7.287215706205281,3.0600101682617677,0.5671250566417593,0.7820807167767552,0.13271139327760806,0.08164026138213161,0.04727944056333614,0.020256890879078584,0.006353951785604176,0.0,0.0,0.2919399797261064,0.28234062141875027,0.996916569266359,0.6785837813576644,10604.375953303768,12873.106982399171
linderoatravesado,NEUBA I,NEUI,1021.3174193548388,1.0,1021.3174193548388,,linderoatravesado,0.9052269382450544,0.046563305684183286,0.01995919993893551,0.00259160140986178,0.005212901696388644,0.0010320857432782888,0.0011372423132726803,0.0004170356773110912,0.00011915305066031179,5.9576525330155895e-05,0.0,0.0,0.005906566019684981,0.0117743936960387,924.524040498921,47.55591519800057,20.38467857402087,2.646847663916395,5.3240273079061105,1.0540871478779026,1.1614853845727808,0.42592580173026096,0.12169308620864601,0.060846543104323005,0.0,0.0,6.032478764473647,12.025393384106128,0.9974757433849507,0.6282334346185,9690.46754780699,12225.994851418915
lng1,ARG LNG,VM LIQ,0.0,1.0,0.0,,lng1,0.7866689930462045,0.11830063776903263,0.04813748933887026,0.010461365779162157,0.014601684918848582,0.004825946345645965,0.003913755587110438,0.005916998312951869,0.001690570946557677,0.0008452854732788385,0.0,0.0,0.002677754807489837,0.0019740213470009925,0.0,0.0,0.0,0.0,0.0,0.0,0.0,0.0,0.0,0.0,0.0,0.0,0.0,0.0,0.9962105254254792,0.7390374016884859,11496.067365850331,13372.60729233018
lng2,ARG LNG,VM LIQ,0.0,1.0,0.0,,lng2,0.7866689930462045,0.11830063776903263,0.04813748933887026,0.010461365779162157,0.014601684918848582,0.004825946345645965,0.003913755587110438,0.005916998312951869,0.001690570946557677,0.0008452854732788385,0.0,0.0,0.002677754807489837,0.0019740213470009925,0.0,0.0,0.0,0.0,0.0,0.0,0.0,0.0,0.0,0.0,0.0,0.0,0.0,0.0,0.9962105254254792,0.7390374016884859,11496.067365850331,13372.60729233018
lng3,ARG LNG,VM LIQ,0.0,1.0,0.0,,lng3,0.7866689930462045,0.11830063776903263,0.04813748933887026,0.010461365779162157,0.014601684918848582,0.004825946345645965,0.003913755587110438,0.005916998312951869,0.001690570946557677,0.0008452854732788385,0.0,0.0,0.002677754807489837,0.0019740213470009925,0.0,0.0,0.0,0.0,0.0,0.0,0.0,0.0,0.0,0.0,0.0,0.0,0.0,0.0,0.9962105254254792,0.7390374016884859,11496.067365850331,13372.60729233018
lomaamarilla,NEUBA I,NEUI,0.0,1.0,0.0,,lomaamarilla,0.8371291774281999,0.09450427150726318,0.03968374800682068,0.007354762434959412,0.01014241534471512,0.0017210679699977238,0.0010587518935402235,0.0006131435198088487,0.00026270153000950813,8.240123648041239e-05,0.0,0.0,0.003786024212837219,0.003661534915367762,0.0,0.0,0.0,0.0,0.0,0.0,0.0,0.0,0.0,0.0,0.0,0.0,0.0,0.0,0.996916569266359,0.6785837813576644,10604.375953303768,12873.106982399171
lomaancha,EM / RDM,Otros,0.0,1.0,0.0,,lomaancha,0.8371291774281999,0.09450427150726318,0.03968374800682068,0.007354762434959412,0.01014241534471512,0.0017210679699977238,0.0010587518935402235,0.0006131435198088487,0.00026270153000950813,8.240123648041239e-05,0.0,0.0,0.003786024212837219,0.003661534915367762,0.0,0.0,0.0,0.0,0.0,0.0,0.0,0.0,0.0,0.0,0.0,0.0,0.0,0.0,0.996916569266359,0.6785837813576644,10604.375953303768,12873.106982399171
lomacampana,Loma Campana,YPF - RDM,2411.2354838709684,1.0,2411.2354838709684,,lomacampana,0.7547497379386967,0.13349066057611986,0.07167103674763742,0.007267090161864403,0.017944696644110164,0.0008646923761461399,0.0009314504222525055,0.00017675656698899547,0.0,0.0,0.0,0.0,0.009641267290308847,0.0032626112758750254,1819.8793495601,321.8774175465156,172.81574697172346,17.52266566277707,43.26888929557872,2.084976939996275,2.245946309601838,0.42620170633108173,0.0,0.0,0.0,0.0,23.247365799877194,7.866924078467394,0.9963197935157022,0.7383067871726086,11357.76878452691,13218.269215515338
lomadelmolle,Otros,Otros,0.0,1.0,0.0,,lomadelmolle,0.8371291774281999,0.09450427150726318,0.03968374800682068,0.007354762434959412,0.01014241534471512,0.0017210679699977238,0.0010587518935402235,0.0006131435198088487,0.00026270153000950813,8.240123648041239e-05,0.0,0.0,0.003786024212837219,0.003661534915367762,0.0,0.0,0.0,0.0,0.0,0.0,0.0,0.0,0.0,0.0,0.0,0.0,0.0,0.0,0.996916569266359,0.6785837813576644,10604.375953303768,12873.106982399171
lomajarillosaestepuestosilvaoeste,Hub Centro (resto),VMN,0.0,1.0,0.0,,lomajarillosaestepuestosilvaoeste,0.7518323333333333,0.13297466666666663,0.071394,0.007239,0.01787533333333333,0.002461000000000001,0.002651,0.0005030666666666666,0.00014373333333333332,7.186666666666666e-05,0.0,0.0,0.009604000000000001,0.0032499999999999994,0.0,0.0,0.0,0.0,0.0,0.0,0.0,0.0,0.0,0.0,0.0,0.0,0.0,0.0,0.9962339510884118,0.745584504375694,11458.96718706134,13270.798013856545
lomalalatasierrabarrosa,Loma la Lata-Sierra Barrosa,CO (Troncal),5128.436774193548,0.3497701258118617,1793.7739757278555,,lomalalatasierrabarrosa,0.8842543547248185,0.05827854216622827,0.02999389730439402,0.004202591655879963,0.0064777679571461745,0.001129465771506058,0.0009196346507125877,0.00105279320345544,0.00030079805813012573,0.00015039902906506286,0.0,0.0,0.005135626177310326,0.008104129301353267,1586.1524494294072,104.53853228113876,53.802272415275866,7.538499542928512,11.619651582332603,2.026006307402951,1.649616703625816,1.8884730501815297,0.5395637286232942,0.2697818643116471,0.0,0.0,9.212152585925992,14.536976236701058,0.9972758528892447,0.6462580274829305,10034.601747025004,12482.37327172303
lomalalatasierrabarrosa,Loma la Lata-Sierra Barrosa,YPF - RDM,5128.436774193548,0.6502298741881383,3334.6627984656925,,lomalalatasierrabarrosa,0.8842543547248185,0.05827854216622827,0.02999389730439402,0.004202591655879963,0.0064777679571461745,0.001129465771506058,0.0009196346507125877,0.00105279320345544,0.00030079805813012573,0.00015039902906506286,0.0,0.0,0.005135626177310326,0.008104129301353267,2948.6901010821384,194.33928651053563,100.01953352196315,14.014226052005245,21.601171823788455,3.7663874903816033,3.0666714579112573,3.5107103300403786,1.0030600942972512,0.5015300471486256,0.0,0.0,17.125581560303317,27.0245384951785,0.9972758528892447,0.6462580274829305,10034.601747025004,12482.37327172303
lomanegrarionnorte,Otros,Otros,410.5125806451613,1.0,410.5125806451613,,lomanegrarionnorte,0.8371291774281999,0.09450427150726318,0.03968374800682068,0.007354762434959412,0.01014241534471512,0.0017210679699977238,0.0010587518935402235,0.0006131435198088487,0.00026270153000950813,8.240123648041239e-05,0.0,0.0,0.003786024212837219,0.003661534915367762,343.6520589594114,38.79519237843759,16.29067780395223,3.0192225072072785,4.1635890971340865,0.7065200538294946,0.4346309720801482,0.25170312862258803,0.10784228302363547,0.0338267442359263,0.0,0.0,1.554210569996872,1.5031061472299823,0.996916569266359,0.6785837813576644,10604.375953303768,12873.106982399171
lomanegrazonani,Otros,Otros,6.534699041850319,1.0,6.534699041850319,,lomanegrazonani,0.8371291774281999,0.09450427150726318,0.03968374800682068,0.007354762434959412,0.01014241534471512,0.0017210679699977238,0.0010587518935402235,0.0006131435198088487,0.00026270153000950813,8.240123648041239e-05,0.0,0.0,0.003786024212837219,0.003661534915367762,5.4703872336450035,0.617556972469275,0.2593213500772006,0.048061159036765985,0.06627763183515786,0.0112466612145034,0.006918624984274509,0.004006708371411615,0.0017166754364457454,0.0005384672810758324,0.0,0.0,0.02474052879604948,0.023927028703155204,0.996916569266359,0.6785837813576644,10604.375953303768,12873.106982399171
lomaranqueles,EM / RDM,Otros,0.0,1.0,0.0,,lomaranqueles,0.8371291774281999,0.09450427150726318,0.03968374800682068,0.007354762434959412,0.01014241534471512,0.0017210679699977238,0.0010587518935402235,0.0006131435198088487,0.00026270153000950813,8.240123648041239e-05,0.0,0.0,0.003786024212837219,0.003661534915367762,0.0,0.0,0.0,0.0,0.0,0.0,0.0,0.0,0.0,0.0,0.0,0.0,0.0,0.0,0.996916569266359,0.6785837813576644,10604.375953303768,12873.106982399171
losbastos,NEUBA I,NEUI,57.449354838709674,1.0,57.449354838709674,,losbastos,0.8371291774281999,0.09450427150726318,0.03968374800682068,0.007354762434959412,0.01014241534471512,0.0017210679699977238,0.0010587518935402235,0.0006131435198088487,0.00026270153000950813,8.240123648041239e-05,0.0,0.0,0.003786024212837219,0.003661534915367762,48.092531159909804,5.429209427594523,2.279805720573779,0.42252635688039564,0.5826752180601128,0.09887424450993697,0.06082461321814807,0.03522469963655396,0.015092033414188171,0.004733897873711639,0.0,0.0,0.21750464843123188,0.21035281860728736,0.996916569266359,0.6785837813576644,10604.375953303768,12873.106982399171
loscaldenes,NEUBA I,NEUI,14.310481032945491,1.0,14.310481032945491,,loscaldenes,0.8371291774281999,0.09450427150726318,0.03968374800682068,0.007354762434959412,0.01014241534471512,0.0017210679699977238,0.0010587518935402235,0.0006131435198088487,0.00026270153000950813,8.240123648041239e-05,0.0,0.0,0.003786024212837219,0.003661534915367762,11.979721215711516,1.3524015849370208,0.5678935231677957,0.10525018832730666,0.14514284241880102,0.024629310541062426,0.015151248891102493,0.008774378710697967,0.0037593852625268267,0.0011792013317441976,0.0,0.0,0.054179827688079406,0.052398325957838034,0.996916569266359,0.6785837813576644,10604.375953303768,12873.106982399171
lostoldosiieste,Los Toldos II Este,VMN,47.70705808145992,1.0,47.70705808145992,,lostoldosiieste,0.6970753264780742,0.13828140273829492,0.08780686564211204,0.010886623947441281,0.032542563696745005,0.007577268529559131,0.009496592583911214,0.004955364239411557,0.001693901967635282,0.0007705900437407176,0.0,0.0,0.0039041770502872774,0.00500932308278745,33.25541308744212,6.596998912021586,4.189007239139187,0.5193688009715937,1.552509976400223,0.3614891898384959,0.45305449397661385,0.2364058495843966,0.08081107955427565,0.03676258397373315,0.0,0.0,0.186256801298358,0.23898006725933874,0.9951248593913143,0.8320732975558066,12699.99998578473,13922.682774001938
lostoldosiieste,Los Toldos II Este,TBX El Porton,47.70705808145992,0.0,0.0,TBX,lostoldosiiestetbx,0.8686316549603552,0.09687926284930569,0.0007536752104118354,4.871639191406924e-05,0.00010959894408789543,0.0,0.0,0.0,0.0,0.0,0.0,0.0,0.016521487647036835,0.01705560399688834,0.0,0.0,0.0,0.0,0.0,0.0,0.0,0.0,0.0,0.0,0.0,0.0,0.0,0.0,0.997578263020911,0.6265490174801136,9395.771637107193,11870.114989640968
lostoldosiioeste,Hub Norte (resto),VMN,0.0,1.0,0.0,,lostoldosiioeste,0.74371,0.09003,0.04522,0.0055000000000000005,0.013420000000000001,0.00296,0.0034200000000000003,0.00197,0.00064,0.00032,0.0002,0.0,0.00596,0.08664999999999999,0.0,0.0,0.0,0.0,0.0,0.0,0.0,0.0,0.0,0.0,0.0,0.0,0.0,0.0,0.9964230452221913,0.7785015398927598,10091.990711778702,11437.92130423118
lostoldosinorte,Hub Norte (resto),VMN,316.88612903225805,1.0,316.88612903225805,,lostoldosinorte,0.78765,0.125665,0.051985,0.0074,0.012730000000000002,0.00287,0.0030150000000000003,0.002105,0.00104,0.0014,0.0002,0.0,0.0013,0.00264,249.59535953225804,39.82149540483871,16.473325417741936,2.3449573548387095,4.033960422580646,0.9094631903225807,0.9554116790322581,0.6670453016129032,0.32956157419354837,0.44364058064516126,0.06337722580645161,0.0,0.41195196774193543,0.8365793806451612,0.9963658768494236,0.7250688185178923,11309.665108789328,13281.897697831944
lostoldosisur,Hub Norte (resto),VMN,-21.982603447141145,1.0,-21.982603447141145,,lostoldosisur,0.7568586666666668,0.13017199999999998,0.06459933333333334,0.008259666666666667,0.018172000000000004,0.003656333333333333,0.004220333333333332,0.0021011666666666665,0.0006003333333333333,0.0003001666666666666,0.0,0.0,0.002144333333333333,0.008915666666666665,-16.63772393486532,-2.8615194559212567,-1.4200615276163533,-0.18156897693890348,-0.399467869841449,-0.0803757257372304,-0.09277391408141798,-0.04618911360968473,-0.013196889602767065,-0.006598444801383533,-0.0,-0.0,-0.04713802932515299,-0.19598956480022803,0.9961150681538841,0.7533920304956854,11549.133484837892,13305.735622945062
magallanes,Otros,0,1688.783870967742,0.0,0.0,,magallanes,0.0,0.0,0.0,0.0,0.0,0.0,0.0,0.0,0.0,0.0,0.0,0.0,0.0,0.0,0.0,0.0,0.0,0.0,0.0,0.0,0.0,0.0,0.0,0.0,0.0,0.0,0.0,0.0,1.0,0.0,0.0,0.0
matamora,Otros,NEUII,0.0,1.0,0.0,,matamora,0.671032896710329,0.168983101689831,0.100889911008899,0.009199080091990799,0.025397460253974595,0.0033996600339966,0.0035996400359964006,0.0007999200079992,0.0001999800019998,0.0,0.0,0.0,0.0142985701429857,0.0021997800219978,0.0,0.0,0.0,0.0,0.0,0.0,0.0,0.0,0.0,0.0,0.0,0.0,0.0,0.0,0.9954859767900457,0.8114410170612508,12328.149422183227,13685.775486072695
mesetabuenaesperanza,NEUBA I,NEUI,0.0,1.0,0.0,,mesetabuenaesperanza,0.8371291774281999,0.09450427150726318,0.03968374800682068,0.007354762434959412,0.01014241534471512,0.0017210679699977238,0.0010587518935402235,0.0006131435198088487,0.00026270153000950813,8.240123648041239e-05,0.0,0.0,0.003786024212837219,0.003661534915367762,0.0,0.0,0.0,0.0,0.0,0.0,0.0,0.0,0.0,0.0,0.0,0.0,0.0,0.0,0.996916569266359,0.6785837813576644,10604.375953303768,12873.106982399171
narambuena,GPA,TBX El Porton,0.0,1.0,0.0,TBX,narambuenatbx,0.8686316549603552,0.09687926284930569,0.0007536752104118354,4.871639191406924e-05,0.00010959894408789543,0.0,0.0,0.0,0.0,0.0,0.0,0.0,0.016521487647036835,0.01705560399688834,0.0,0.0,0.0,0.0,0.0,0.0,0.0,0.0,0.0,0.0,0.0,0.0,0.0,0.0,0.997578263020911,0.6265490174801136,9395.771637107193,11870.114989640968
neuquendelmedio,NEUBA I,NEUI,0.0,1.0,0.0,,neuquendelmedio,0.8371291774281999,0.09450427150726318,0.03968374800682068,0.007354762434959412,0.01014241534471512,0.0017210679699977238,0.0010587518935402235,0.0006131435198088487,0.00026270153000950813,8.240123648041239e-05,0.0,0.0,0.003786024212837219,0.003661534915367762,0.0,0.0,0.0,0.0,0.0,0.0,0.0,0.0,0.0,0.0,0.0,0.0,0.0,0.0,0.996916569266359,0.6785837813576644,10604.375953303768,12873.106982399171
octogonofiscal,NEUBA I,NEUI,118.11419354838715,1.0,118.11419354838715,,octogonofiscal,0.8371291774281999,0.09450427150726318,0.03968374800682068,0.007354762434959412,0.01014241534471512,0.0017210679699977238,0.0010587518935402235,0.0006131435198088487,0.00026270153000950813,8.240123648041239e-05,0.0,0.0,0.003786024212837219,0.003661534915367762,98.87683768775653,11.162295815958212,4.68721389280304,0.8687018337452032,1.1979632090738135,0.2032825553182409,0.12505362607333134,0.0724209523716417,0.03102877936100048,0.009732755594273848,0.0,0.0,0.4471831966539354,0.43247924367792523,0.996916569266359,0.6785837813576644,10604.375953303768,12873.106982399171
otrosaustral,Otros,0,1578.074108913075,0.0,0.0,,otrosaustral,0.0,0.0,0.0,0.0,0.0,0.0,0.0,0.0,0.0,0.0,0.0,0.0,0.0,0.0,0.0,0.0,0.0,0.0,0.0,0.0,0.0,0.0,0.0,0.0,0.0,0.0,0.0,0.0,1.0,0.0,0.0,0.0
otroscuyana,Otros,0,0.0,0.0,0.0,,otroscuyana,0.0,0.0,0.0,0.0,0.0,0.0,0.0,0.0,0.0,0.0,0.0,0.0,0.0,0.0,0.0,0.0,0.0,0.0,0.0,0.0,0.0,0.0,0.0,0.0,0.0,0.0,0.0,0.0,1.0,0.0,0.0,0.0
otrosgolfosanjorge,Otros,0,0.0,0.0,0.0,,otrosgolfosanjorge,0.0,0.0,0.0,0.0,0.0,0.0,0.0,0.0,0.0,0.0,0.0,0.0,0.0,0.0,0.0,0.0,0.0,0.0,0.0,0.0,0.0,0.0,0.0,0.0,0.0,0.0,0.0,0.0,1.0,0.0,0.0,0.0
otrosneuquina,Otros,CO (Troncal),1528.9977223148294,0.25,382.24943057870735,,otrosneuquina,0.8371291774281999,0.09450427150726318,0.03968374800682068,0.007354762434959412,0.01014241534471512,0.0017210679699977238,0.0010587518935402235,0.0006131435198088487,0.00026270153000950813,8.240123648041239e-05,0.0,0.0,0.003786024212837219,0.003661534915367762,319.9921513927511,36.124203970906905,15.169090078836119,2.8113537528049024,3.8769324902100983,0.6578772515188817,0.4047073084298786,0.23437376130995677,0.10041751025828968,0.03149782572361904,0.0,0.0,1.4472055995142257,1.3996196364433826,0.996916569266359,0.6785837813576644,10604.375953303768,12873.106982399171
otrosneuquina,Otros,NEUII,1528.9977223148294,0.25,382.24943057870735,,otrosneuquina,0.8371291774281999,0.09450427150726318,0.03968374800682068,0.007354762434959412,0.01014241534471512,0.0017210679699977238,0.0010587518935402235,0.0006131435198088487,0.00026270153000950813,8.240123648041239e-05,0.0,0.0,0.003786024212837219,0.003661534915367762,319.9921513927511,36.124203970906905,15.169090078836119,2.8113537528049024,3.8769324902100983,0.6578772515188817,0.4047073084298786,0.23437376130995677,0.10041751025828968,0.03149782572361904,0.0,0.0,1.4472055995142257,1.3996196364433826,0.996916569266359,0.6785837813576644,10604.375953303768,12873.106982399171
otrosneuquina,Otros,GPA (a MEGA),1528.9977223148294,0.25,382.24943057870735,,otrosneuquina,0.8371291774281999,0.09450427150726318,0.03968374800682068,0.007354762434959412,0.01014241534471512,0.0017210679699977238,0.0010587518935402235,0.0006131435198088487,0.00026270153000950813,8.240123648041239e-05,0.0,0.0,0.003786024212837219,0.003661534915367762,319.9921513927511,36.124203970906905,15.169090078836119,2.8113537528049024,3.8769324902100983,0.6578772515188817,0.4047073084298786,0.23437376130995677,0.10041751025828968,0.03149782572361904,0.0,0.0,1.4472055995142257,1.3996196364433826,0.996916569266359,0.6785837813576644,10604.375953303768,12873.106982399171
otrosneuquina,Otros,VMS,1528.9977223148294,0.25,382.24943057870735,,otrosneuquina,0.8371291774281999,0.09450427150726318,0.03968374800682068,0.007354762434959412,0.01014241534471512,0.0017210679699977238,0.0010587518935402235,0.0006131435198088487,0.00026270153000950813,8.240123648041239e-05,0.0,0.0,0.003786024212837219,0.003661534915367762,319.9921513927511,36.124203970906905,15.169090078836119,2.8113537528049024,3.8769324902100983,0.6578772515188817,0.4047073084298786,0.23437376130995677,0.10041751025828968,0.03149782572361904,0.0,0.0,1.4472055995142257,1.3996196364433826,0.996916569266359,0.6785837813576644,10604.375953303768,12873.106982399171
otrosnoroeste,Otros,0,0.0,0.0,0.0,,otrosnoroeste,0.0,0.0,0.0,0.0,0.0,0.0,0.0,0.0,0.0,0.0,0.0,0.0,0.0,0.0,0.0,0.0,0.0,0.0,0.0,0.0,0.0,0.0,0.0,0.0,0.0,0.0,0.0,0.0,1.0,0.0,0.0,0.0
pampadelasyeguasi,Hub Centro (resto),GPA (a MEGA),-2.138043765913384,1.0,-2.138043765913384,,pampadelasyeguasi,0.8371291774281999,0.09450427150726318,0.03968374800682068,0.007354762434959412,0.01014241534471512,0.0017210679699977238,0.0010587518935402235,0.0006131435198088487,0.00026270153000950813,8.240123648041239e-05,0.0,0.0,0.003786024212837219,0.003661534915367762,-1.7898188190645619,-0.20205426854828987,-0.08484559003406063,-0.01572480397383891,-0.021684927899072406,-0.0036797186439668362,-0.002263657885632666,-0.0013109276801374983,-0.0005616673685327366,-0.00017617744996050022,-0.0,-0.0,-0.008094685465853744,-0.007828521899476235,0.996916569266359,0.6785837813576644,10604.375953303768,12873.106982399171
parvanegraeste,EM / RDM,Otros,0.0,1.0,0.0,,parvanegraeste,0.8371291774281999,0.09450427150726318,0.03968374800682068,0.007354762434959412,0.01014241534471512,0.0017210679699977238,0.0010587518935402235,0.0006131435198088487,0.00026270153000950813,8.240123648041239e-05,0.0,0.0,0.003786024212837219,0.003661534915367762,0.0,0.0,0.0,0.0,0.0,0.0,0.0,0.0,0.0,0.0,0.0,0.0,0.0,0.0,0.996916569266359,0.6785837813576644,10604.375953303768,12873.106982399171
pasodelasbardasnorte,Otros,VMN,143.21677419354845,1.0,143.21677419354845,,pasodelasbardasnorte,0.8371291774281999,0.09450427150726318,0.03968374800682068,0.007354762434959412,0.01014241534471512,0.0017210679699977238,0.0010587518935402235,0.0006131435198088487,0.00026270153000950813,8.240123648041239e-05,0.0,0.0,0.003786024212837219,0.003661534915367762,119.89094037456546,13.534596912781504,5.683378377446516,1.0533253508947746,1.452564008201246,0.24648580283091281,0.15163103086414204,0.08781243702470137,0.037623265703671416,0.011801239278284407,0.0,0.0,0.542222174781215,0.5243932191760183,0.996916569266359,0.6785837813576644,10604.375953303768,12873.106982399171
payunoeste,Otros,Otros,0.0,1.0,0.0,,payunoeste,0.8371291774281999,0.09450427150726318,0.03968374800682068,0.007354762434959412,0.01014241534471512,0.0017210679699977238,0.0010587518935402235,0.0006131435198088487,0.00026270153000950813,8.240123648041239e-05,0.0,0.0,0.003786024212837219,0.003661534915367762,0.0,0.0,0.0,0.0,0.0,0.0,0.0,0.0,0.0,0.0,0.0,0.0,0.0,0.0,0.996916569266359,0.6785837813576644,10604.375953303768,12873.106982399171
puestoparada,NEUBA I,NEUI,18.517145991087045,1.0,18.517145991087045,,puestoparada,0.8371291774281999,0.09450427150726318,0.03968374800682068,0.007354762434959412,0.01014241534471512,0.0017210679699977238,0.0010587518935402235,0.0006131435198088487,0.00026270153000950813,8.240123648041239e-05,0.0,0.0,0.003786024212837219,0.003661534915367762,15.501243191836588,1.7499493922813198,0.7348297553158081,0.13618920973790627,0.1878085856403313,0.03186926686103167,0.019605063381024166,0.011353668069789422,0.004864482583267996,0.0015258357257538838,0.0,0.0,0.07010636307489719,0.0678011765793274,0.996916569266359,0.6785837813576644,10604.375953303768,12873.106982399171
puestorojas,Otros,Otros,0.0,1.0,0.0,,puestorojas,0.8371291774281999,0.09450427150726318,0.03968374800682068,0.007354762434959412,0.01014241534471512,0.0017210679699977238,0.0010587518935402235,0.0006131435198088487,0.00026270153000950813,8.240123648041239e-05,0.0,0.0,0.003786024212837219,0.003661534915367762,0.0,0.0,0.0,0.0,0.0,0.0,0.0,0.0,0.0,0.0,0.0,0.0,0.0,0.0,0.996916569266359,0.6785837813576644,10604.375953303768,12873.106982399171
puestozuniga,NEUBA I,NEUI,0.0,1.0,0.0,,puestozuniga,0.8371291774281999,0.09450427150726318,0.03968374800682068,0.007354762434959412,0.01014241534471512,0.0017210679699977238,0.0010587518935402235,0.0006131435198088487,0.00026270153000950813,8.240123648041239e-05,0.0,0.0,0.003786024212837219,0.003661534915367762,0.0,0.0,0.0,0.0,0.0,0.0,0.0,0.0,0.0,0.0,0.0,0.0,0.0,0.0,0.996916569266359,0.6785837813576644,10604.375953303768,12873.106982399171
puntasenillosa,NEUBA I,NEUI,117.21032258064515,1.0,117.21032258064515,,puntasenillosa,0.8371291774281999,0.09450427150726318,0.03968374800682068,0.007354762434959412,0.01014241534471512,0.0017210679699977238,0.0010587518935402235,0.0006131435198088487,0.00026270153000950813,8.240123648041239e-05,0.0,0.0,0.003786024212837219,0.003661534915367762,98.12018092802944,11.07687614861519,4.651344905088486,0.8620540775056039,1.1887957743009445,0.2017269319466493,0.12409665097471848,0.07186674974502734,0.03079133107484348,0.00965827550891316,0.0,0.0,0.44376111928478357,0.42916968857055066,0.996916569266359,0.6785837813576644,10604.375953303768,12873.106982399171
ramos,Otros,0,710.0477419354839,0.0,0.0,,ramos,0.0,0.0,0.0,0.0,0.0,0.0,0.0,0.0,0.0,0.0,0.0,0.0,0.0,0.0,0.0,0.0,0.0,0.0,0.0,0.0,0.0,0.0,0.0,0.0,0.0,0.0,0.0,0.0,1.0,0.0,0.0,0.0
rincondearanda,Hub Centro (resto),VMN,0.0,1.0,0.0,,rincondearanda,0.7518323333333333,0.13297466666666663,0.071394,0.007239,0.01787533333333333,0.002461000000000001,0.002651,0.0005030666666666666,0.00014373333333333332,7.186666666666666e-05,0.0,0.0,0.009604000000000001,0.0032499999999999994,0.0,0.0,0.0,0.0,0.0,0.0,0.0,0.0,0.0,0.0,0.0,0.0,0.0,0.0,0.9962339510884118,0.745584504375694,11458.96718706134,13270.798013856545
rincondelmangrullo,EM / RDM,YPF - RDM,4289.169677419355,1.0,4289.169677419355,,rincondelmangrullo,0.9716145152119411,0.0179859487948695,0.00127410791462967,0.000160252989262409,0.000122725291776915,1.85282087585359e-05,7.32793950899874e-06,1.27012891489628e-05,1.67694988763765e-06,0.0,0.0,0.0,0.00194452886970879,0.00685768654050757,4167.419516787564,77.14478619057147,5.4648650331895885,0.6873522622601341,0.5263896001419868,0.07947063118400789,0.03143077593996067,0.05447798428186673,0.007192722608607203,0.0,0.0,0.0,8.340414264821474,29.413781166791907,0.9979158279718089,0.5729192197259196,9091.325852723636,12011.037646909577
rinconlaceniza,Hub Centro (resto),VMN,50.80516129032258,1.0,50.80516129032258,,rinconlaceniza,0.7570988000000001,0.13567016666666665,0.0681734,0.009313033333333333,0.0171852,0.0027156333333333343,0.002631966666666667,0.001025803333333286,0.0002930866666666532,0.0001465433333333266,0.0,0.0,0.002055866666666667,0.0036904999999999993,38.46452664670968,6.892744699784945,3.463560582709677,0.47315016060215054,0.8730968578064516,0.1379681895053764,0.1337174910107527,0.05211610380214813,0.014890315372042327,0.0074451576860211635,0.0,0.0,0.10444863759139787,0.18749644774193544,0.9961750084202315,0.7455398707081513,11559.859599460182,13388.043733741924
rioneuquen,NEUBA I,NEUI,4492.58806451613,1.0,4492.58806451613,,rioneuquen,0.913811394858965,0.047068032808744845,0.01592954093290854,0.0031038372932505635,0.004787604196538997,0.0016236762232900352,0.0012907524966322462,0.0008815998356431573,0.00025188566732661636,0.00012594283366330818,0.0,0.0,0.0055851747198510625,0.005540558133185583,4105.378165762222,211.4572824168207,71.56486546840604,13.944262377857532,21.508733470998433,7.294508421391439,5.798819260614425,3.9606648992898297,1.1316185426542371,0.5658092713271186,0.0,0.0,25.0918892846401,24.89144533990732,0.9974945535092349,0.6217000675138847,9744.270857837995,12358.304454143181
sanroque,Hub Centro (resto),TOTAL - APE / ASR,1552.3683870967743,1.0,1552.3683870967743,,sanroque,0.8864415854634112,0.058422695958794006,0.03006808814530289,0.004212986897478015,0.006493790918319774,0.0003962908391174637,0.00032266828850105824,0.0003693890621034028,0.0,0.0,0.0,0.0,0.005148329308911449,0.008124175118060573,1376.0838942813432,90.69354629539829,46.67674949720749,6.540107674897789,10.080755734015748,0.6151893707420044,0.5009000505876644,0.5734279025486496,0.0,0.0,0.0,0.0,7.9921036655179165,12.611712624515437,0.9973333885171097,0.6407958508338704,9958.613261650995,12440.533972929052
sierrachata,Sierra Chata,BdP,5309.269354838711,0.09930347827859974,527.2289140534612,,sierrachata,0.9133565517241381,0.0531516551724138,0.01046144827586207,0.002240068965517241,0.0018004482758620691,0.0005334827586206898,0.00034706896551724137,0.00040712620689655165,0.00024602068965517244,0.0,0.0,0.0,0.0028367931034482766,0.014619275862068968,481.54798290913124,28.02308943669576,5.515578013909212,1.181029128094515,0.9492483892921851,0.281267535493831,0.18298479379131333,0.21464870794477367,0.12970922104158014,0.0,0.0,0.0,1.4956393473253828,7.707704937006599,0.9975838411078708,0.6157834326292879,9500.042839404085,12106.303675231657
sierrachata,Sierra Chata,GPA (a Chile),5309.269354838711,0.04965173913929987,263.6144570267306,,sierrachata,0.9133565517241381,0.0531516551724138,0.01046144827586207,0.002240068965517241,0.0018004482758620691,0.0005334827586206898,0.00034706896551724137,0.00040712620689655165,0.00024602068965517244,0.0,0.0,0.0,0.0028367931034482766,0.014619275862068968,240.77399145456562,14.01154471834788,2.757789006954606,0.5905145640472576,0.47462419464609257,0.1406337677469155,0.09149239689565666,0.10732435397238684,0.06485461052079007,0.0,0.0,0.0,0.7478196736626914,3.8538524685032995,0.9975838411078708,0.6157834326292879,9500.042839404085,12106.303675231657
sierrachata,Sierra Chata,Pampa SCH,5309.269354838711,0.8510447825821004,4518.425983758519,,sierrachata,0.9133565517241381,0.0531516551724138,0.01046144827586207,0.002240068965517241,0.0018004482758620691,0.0005334827586206898,0.00034706896551724137,0.00040712620689655165,0.00024602068965517244,0.0,0.0,0.0,0.0028367931034482766,0.014619275862068968,4126.933975746427,240.16181981080737,47.26927971740093,10.121585819204165,8.135192272068398,2.4105023584388983,1.5682054319492926,1.8395696319104256,1.1116262766801217,0.0,0.0,0.0,12.817839669167661,66.05611591890614,0.9975838411078708,0.6157834326292879,9500.042839404085,12106.303675231657
sierrachatalng,ARG LNG,Pampa SCH,0.0,1.0,0.0,,sierrachatalng,0.9133565517241381,0.0531516551724138,0.01046144827586207,0.002240068965517241,0.0018004482758620691,0.0005334827586206898,0.00034706896551724137,0.00040712620689655165,0.00024602068965517244,0.0,0.0,0.0,0.0028367931034482766,0.014619275862068968,0.0,0.0,0.0,0.0,0.0,0.0,0.0,0.0,0.0,0.0,0.0,0.0,0.0,0.0,0.9975838411078708,0.6157834326292879,9500.042839404085,12106.303675231657
sierrasblancas,Otros,NEUII,161.4163071725571,1.0,161.4163071725571,,sierrasblancas,0.6973726333333338,0.1614984333333334,0.0860148,0.008992700000000001,0.022137799999999996,0.003154066666666667,0.002853266666666666,0.0010157933333333335,0.00029022666666666673,0.00014511333333333337,0.0,0.0,0.01439036666666667,0.0021348000000000005,112.56731519586845,26.068480722820084,13.884191378186065,1.4515684255106545,3.5734019249246343,0.5091177939093899,0.4605637687118847,0.16396560871716906,0.04684731677633402,0.02342365838816701,0.0,0.0,2.322839846192394,0.344591532551975,0.9957746851295445,0.7873686877297231,11993.97225621164,13516.802559515381
tierradelfuego,Otros,0,0.0,0.0,0.0,,tierradelfuego,0.0,0.0,0.0,0.0,0.0,0.0,0.0,0.0,0.0,0.0,0.0,0.0,0.0,0.0,0.0,0.0,0.0,0.0,0.0,0.0,0.0,0.0,0.0,0.0,0.0,0.0,0.0,0.0,1.0,0.0,0.0,0.0
valledelriogrande,Otros,Otros,3.8445161290322547,1.0,3.8445161290322547,,valledelriogrande,0.8371291774281999,0.09450427150726318,0.03968374800682068,0.007354762434959412,0.01014241534471512,0.0017210679699977238,0.0010587518935402235,0.0006131435198088487,0.00026270153000950813,8.240123648041239e-05,0.0,0.0,0.003786024212837219,0.003661534915367762,3.2183566247062187,0.3633231960721166,0.15256480927267368,0.028275502806401998,0.038992679380101515,0.0066166735698170494,0.00407038873135883,0.0023572401513167265,0.001009960269243005,0.00031679288270114643,0.0,0.0,0.014555431151159334,0.014076830039146114,0.996916569266359,0.6785837813576644,10604.375953303768,12873.106982399171
vegagrande,Otros,Otros,1.98590848191281,1.0,1.98590848191281,,vegagrande,0.8371291774281999,0.09450427150726318,0.03968374800682068,0.007354762434959412,0.01014241534471512,0.0017210679699977238,0.0010587518935402235,0.0006131435198088487,0.00026270153000950813,8.240123648041239e-05,0.0,0.0,0.003786024212837219,0.003661534915367762,1.662461933911356,0.18767683436326504,0.07880829176083576,0.014605885102039608,0.020141908660152395,0.0034178834795669413,0.0021025843656227784,0.0012176469166182676,0.0005217011966573549,0.00016364131444655423,0.0,0.0,0.007518697597000704,0.007271473245248742,0.996916569266359,0.6785837813576644,10604.375953303776,12873.10698239918
volcanaucamahuidacnviii,Otros,TOTAL - APE / ASR,0.0,1.0,0.0,,volcanaucamahuidacnviii,0.8371291774281999,0.09450427150726318,0.03968374800682068,0.007354762434959412,0.01014241534471512,0.0017210679699977238,0.0010587518935402235,0.0006131435198088487,0.00026270153000950813,8.240123648041239e-05,0.0,0.0,0.003786024212837219,0.003661534915367762,0.0,0.0,0.0,0.0,0.0,0.0,0.0,0.0,0.0,0.0,0.0,0.0,0.0,0.0,0.996916569266359,0.6785837813576644,10604.375953303776,12873.10698239918
