Area,Inyección,Gasoducto,Volumen,Coef_Inyeccion,Volumen_inyectado,Sufijo,Clave_croma,C1,C2,C3,iC4,nC4,iC5,nC5,nC6,nC7,nC8,nC9,nC10,N2,CO2,Vol_C1,Vol_C2,Vol_C3,Vol_iC4,Vol_nC4,Vol_iC5,Vol_nC5,Vol_nC6,Vol_nC7,Vol_nC8,Vol_nC9,Vol_nC10,Vol_N2,Vol_CO2,z,densidad,PCS,IW
vmn,Secundaria,TTY,2546.505717617134,1.0,2546.505717617134,,vmn,0.814805717069905,0.1052928868075447,0.04315921468739745,0.006833309757896331,0.012350572480419535,0.002922240560910622,0.002940299554560502,0.0014330431455316316,0.0004503524795206802,0.00031259855851937726,2.077973012726032e-05,0.0,0.0031876470299693335,0.006291338137697801,2074.907417265642,268.1289382798263,109.905186969323,17.40106236873196,31.450803437233173,7.4415022966116,7.487489627195431,3.6492525636883424,1.1468251640424654,0.7960340165884685,0.05291570157960942,0.0,8.117361387562184,16.02092853911018,0.996680982227291,0.7015154528978844,10872.25658530259,12980.78844880323
vms,Secundaria,TTY,2010.5833333333335,1.0,2010.5833333333335,,vms,0.8138080670116085,0.1029438581981305,0.04383872653696696,0.008742697617096467,0.012006695386358191,0.003911903823160637,0.0029760728456903938,0.004059222898447365,0.0012079226826576205,0.0006542212293531452,0.0,0.0,0.0028450335914063487,0.003005578179123932,1636.2289360657567,206.97720556219122,88.14141292978348,17.577922117307207,24.14046163222201,7.865208628449725,5.983642462331011,8.161405905903298,2.428629213706701,1.315366300050278,0.0,0.0,5.720177121655081,6.0429653939769254,0.9965336589439135,0.711758827741225,11092.035030696143,13147.549099146898
gpaamega,Secundaria,MEGA,-197.99905476038154,1.0,-197.99905476038154,,gpaamega,0.8706041895602793,0.0792308484725827,0.020828004912124425,0.0044929435746604435,0.00397091216511054,0.0011801447882241682,0.0006220763066476351,0.0006927110297112662,0.00030380071565339664,0.00026601669108131543,0.0,0.0,0.002380891441953255,0.015427460341971625,-172.37880660336333,-15.687633105434394,-4.12392528514522,-0.8895985808744975,-0.786236855228387,-0.23366755254877594,-0.123170520705061,-0.13715612910492128,-0.06015225453489998,-0.05267105338458487,-0.0,-0.0,-0.4714142549938263,-3.0546225650636543,0.9972675781742992,0.6493040933593628,9954.504077716396,12353.657554468184
pampasch,Secundaria,MEGA,-4493.995550611791,0.26100007664740466,-1172.933183162773,,pampasch,0.9133566065255344,0.053151658361513296,0.010461448903549001,0.0022400690999213866,0.001800448383888972,0.0005334827906296571,0.00034706898634138055,0.0004071262313241255,0.0002460207044164147,0.0,0.0,0.0,0.002836793273655873,0.014619276739225572,-1071.3062718547435,-62.343343832350016,-12.270580562934432,-2.62745137987536,-2.1118056540351624,-0.6257396677758028,-0.40708873092647246,-0.47753186645607,-0.288565847955093,-0.0,-0.0,-0.0,-3.3273689644439264,-17.147434801277335,0.9975838408179317,0.6157834697552681,9500.043412167795,12106.30404018008
totalapeasr,Secundaria,MEGA,7996.46815112959,0.7,5597.527705790713,,totalapeasr,0.8471228666485022,0.08727450136890949,0.03170048910270905,0.00636920752263158,0.006623661614575679,0.0014596254832154392,0.0010404562114689577,0.0011318941332600562,0.00039037276009400086,0.00013260041175591555,0.0,0.0,0.004391507394390486,0.012362817348487331,4741.793716273843,488.52143942154044,177.44436603953048,35.6518155718609,37.07612940136981,8.170294082376579,5.823982470359532,6.335808770945131,2.1851223402121613,0.7422344786029939,0.0,0.0,24.58158431028553,69.20121262978792,0.9970543936368628,0.6705968425955278,10288.935414955044,12564.340253375645
ypfrdm,Secundaria,MEGA,1220.14656437815,0.8185108588345543,998.7032123131904,,ypfrdm,0.8612995019404287,0.07550719829153414,0.03464118891858483,0.005234526404562136,0.00888434459282575,0.0014635618440942064,0.0012364232177646398,0.0010882630492937916,0.00033572964482163575,0.0002138701344049436,0.0,0.0,0.004790554091940934,0.005304837869744237,860.1825793516572,75.4092814865242,34.596266651338766,5.22773833517442,8.8728234841524,1.4616639151159008,1.234819839360157,1.0868518031714576,0.3352942747521341,0.21359279024807096,0.0,0.0,4.784341760381509,5.297958621314232,0.9970884387127541,0.6630858623439664,10336.689294882086,12693.943998898634
tbxelporton,Secundaria,MEGA,2.7,0.9190327258554905,2.4813883598098245,,tbxelporton,0.8577658494993415,0.11162277457197944,0.0016262762377689992,0.00015257774158933143,0.0004281343165891945,0.0,0.0,0.0,0.0,0.0,0.0,0.0,0.013849321745024939,0.014555065887706789,2.128450194390052,0.27697945351258585,0.004035422926235309,0.0003786046319458384,0.0010623675096195614,0.0,0.0,0.0,0.0,0.0,0.0,0.0,0.03436554576936597,0.036116771070020676,0.9974964106138,0.631693162937653,9563.610323135179,12032.857787440884
pampasch,Secundaria,CO (Troncal),1797.9977753058954,0.3694999616762977,664.3601090695968,,pampasch,0.9133566065255344,0.053151658361513296,0.010461448903549001,0.0022400690999213866,0.001800448383888972,0.0005334827906296571,0.00034706898634138055,0.0004071262313241255,0.0002460207044164147,0.0,0.0,0.0,0.002836793273655873,0.014619276739225572,606.7976947307408,35.31184154628492,6.950169334587828,1.488212551547206,1.1961460846946566,0.3544246849694718,0.230578789620434,0.2704784274475899,0.16344634201946828,0.0,0.0,0.0,1.8846522886939143,9.71246428899052,0.9975838408179317,0.6157834697552681,9500.043412167795,12106.30404018008
totalapeasr,Secundaria,CO (Troncal),3000.0,0.15,450.0,,totalapeasr,0.8471228666485022,0.08727450136890949,0.03170048910270905,0.00636920752263158,0.006623661614575679,0.0014596254832154392,0.0010404562114689577,0.0011318941332600562,0.00039037276009400086,0.00013260041175591555,0.0,0.0,0.004391507394390486,0.012362817348487331,381.205289991826,39.27352561600927,14.265220096219071,2.8661433851842113,2.9806477265590554,0.6568314674469476,0.468205295161031,0.5093523599670253,0.1756677420423004,0.059670185290162,0.0,0.0,1.9761783274757185,5.563267806819299,0.9970543936368628,0.6705968425955278,10288.935414955044,12564.340253375645
cotroncal,Cuaternaria,CO (Troncal),6329.106875927668,1.0,6329.106875927668,,cotroncal,0.8906230521885465,0.06547191907211601,0.017774234902041133,0.0036908623283477553,0.003425246221125172,0.0008876544781126509,0.0005707921362587842,0.0005998472169447937,0.00035060978642496073,9.128952167083512e-06,0.0,0.0,0.0027858268522649612,0.013810825865650285,5636.848483466216,414.37877317950927,112.49503233286207,23.35986214044818,21.678749409868587,5.618060060870764,3.612604434320913,3.7964971452713687,2.21904681002975,0.05777811393070304,0.0,0.0,17.631795885814096,87.4101929485269,0.9974040793263745,0.634579337978583,9779.998653054092,12277.101075337478
pampaembm,Secundaria,CO (Paralelo),-232.66666666666666,0.19412675282869477,-45.16682449147631,,pampaembm,0.8689686677723799,0.07338931515424678,0.03604451421927337,0.0034280360913772,0.005655809214712914,0.002028532111984442,0.0011283834633485442,0.0007433292459177134,0.00021237978454791815,7.005120143693958e-05,0.0,0.0,0.0032142380586493544,0.0051167436821249,-39.24855530586707,-3.3147623171215073,-1.6280162476224427,-0.15483350448968045,-0.25545494215821263,-0.09162235387732506,-0.05096549784814789,-0.0335738215897468,-0.009592520454213372,-0.0031639903207193033,-0.0,-0.0,-0.14517692626883894,-0.23110706385840563,0.9971640346607,0.654400717455083,10244.080586849832,12663.422675755182
tty,Terciaria,CO (Paralelo),5500.0,0.22360921100812445,1229.8506605446844,,tty,0.0,0.0,0.0,0.0,0.0,0.0,0.0,0.0,0.0,0.0,0.0,0.0,0.0,0.0,0.0,0.0,0.0,0.0,0.0,0.0,0.0,0.0,0.0,0.0,0.0,0.0,0.0,0.0,1.0,0.0,0.0,0.0
mega,Terciaria,CO (Paralelo),17500.0,0.6188357687082323,10829.625952394066,,mega,0.0,0.0,0.0,0.0,0.0,0.0,0.0,0.0,0.0,0.0,0.0,0.0,0.0,0.0,0.0,0.0,0.0,0.0,0.0,0.0,0.0,0.0,0.0,0.0,0.0,0.0,0.0,0.0,1.0,0.0,0.0,0.0
coparalelo,Cuaternaria,CO (Paralelo),26917.333333333332,1.0,26917.333333333332,,coparalelo,0.8390347509129784,0.09468460404980632,0.03973083169604013,0.007366708611885838,0.010145577496368617,0.0009209369562110845,0.0004744057997963307,0.00011820229391103138,1.9247100033782497e-05,1.285092223880668e-06,0.0,0.0,0.003788062914405416,0.0037153870763389405,22584.57806857494,2548.6570487433196,1069.4480403728774,198.29215127566837,273.09189132891953,24.789167029319163,12.769739048384432,3.1816905459678684,0.5180806073093347,0.034591255754270564,0.0,0.0,101.96455215468872,100.00831239617403,0.9969686882887364,0.6738793424053544,10538.239689248301,12837.397841560516
neui,Cuaternaria,NEUI,2387.9658610018278,1.0,2387.9658610018278,,neui,0.8371349782012699,0.09450177756813617,0.03968130740389288,0.007354046091944961,0.010141567645963339,0.0017209167342073749,0.0010586942263113661,0.0006130939190867359,0.0002626734603118183,8.239497496057858e-05,0.0,0.0,0.00378749450576464,0.003661055268150288,1999.0497489951417,225.66701863669752,94.75760740041527,17.561211007798473,24.217717315601124,4.109490410913968,2.5281256696712853,1.464047348366942,0.6272552558158406,0.19675638732396206,0.0,0.0,9.044407578497951,8.74247499558378,0.9969166419057927,0.678577385604637,10604.276289663923,12873.04666176268
pampasch,Secundaria,NEUII,1797.9977753058954,0.3694999616762977,664.3601090695968,,pampasch,0.9133566065255344,0.053151658361513296,0.010461448903549001,0.0022400690999213866,0.001800448383888972,0.0005334827906296571,0.00034706898634138055,0.0004071262313241255,0.0002460207044164147,0.0,0.0,0.0,0.002836793273655873,0.014619276739225572,606.7976947307408,35.31184154628492,6.950169334587828,1.488212551547206,1.1961460846946566,0.3544246849694718,0.230578789620434,0.2704784274475899,0.16344634201946828,0.0,0.0,0.0,1.8846522886939143,9.71246428899052,0.9975838408179317,0.6157834697552681,9500.043412167795,12106.30404018008
pampaembm,Secundaria,NEUII,-465.3333333333333,0.420607964462172,-195.72290612973072,,pampaembm,0.8689686677723799,0.07338931515424678,0.03604451421927337,0.0034280360913772,0.005655809214712914,0.002028532111984442,0.0011283834633485442,0.0007433292459177134,0.00021237978454791815,7.005120143693958e-05,0.0,0.0,0.0032142380586493544,0.0051167436821249,-170.07707299209068,-14.363970040859867,-7.054737073030586,-0.6709451861219486,-1.1069714160189217,-0.39703020013507534,-0.22085049067530754,-0.14548656022223613,-0.041567588634924615,-0.013710624723116982,-0.0,-0.0,-0.6291000138316355,-1.0014639433864245,0.9971640346607,0.654400717455083,10244.080586849832,12663.422675755182
totalapeasr,Secundaria,NEUII,3500.531848870411,0.15,525.0797773305617,,totalapeasr,0.8471228666485022,0.08727450136890949,0.03170048910270905,0.00636920752263158,0.006623661614575679,0.0014596254832154392,0.0010404562114689577,0.0011318941332600562,0.00039037276009400086,0.00013260041175591555,0.0,0.0,0.004391507394390486,0.012362817348487331,444.8070861914226,45.8260757454228,16.645285759320362,3.3443420677555284,3.477950765694386,0.7664198237127763,0.5463225158403201,0.5943347194539594,0.20497684194607474,0.06962579467873693,0.0,0.0,2.3058917247920716,6.491465380522133,0.9970543936368628,0.6705968425955278,10288.935414955044,12564.340253375645
tty,Terciaria,NEUII,11000.0,0.4472184220162489,4919.402642178738,,tty,0.0,0.0,0.0,0.0,0.0,0.0,0.0,0.0,0.0,0.0,0.0,0.0,0.0,0.0,0.0,0.0,0.0,0.0,0.0,0.0,0.0,0.0,0.0,0.0,0.0,0.0,0.0,0.0,1.0,0.0,0.0,0.0
mega,Terciaria,NEUII,-28669.639315781682,0.3811642312917677,-10927.841031212165,,mega,0.0,0.0,0.0,0.0,0.0,0.0,0.0,0.0,0.0,0.0,0.0,0.0,0.0,0.0,-0.0,-0.0,-0.0,-0.0,-0.0,-0.0,-0.0,-0.0,-0.0,-0.0,-0.0,-0.0,-0.0,-0.0,1.0,0.0,0.0,0.0
neuii,Cuaternaria,NEUII,-6345.833924316936,0.9334628799577999,-5923.600410726794,,neuii,0.910884491928952,0.05453439558887475,0.011255444063604767,0.0023845558656504407,0.0020160584344901186,0.0005674059177784763,0.00036776220965566706,0.00041657824157772334,0.0002492695055995244,1.9360117911793477e-06,0.0,0.0,0.002869527819037627,0.01445257441298749,-5395.715750515007,-323.0399681089959,-66.67275307808166,-14.125156105167935,-11.942324570594883,-3.3610859276013954,-2.1784763761661026,-2.4676430429096476,-1.4765729457510077,-0.011468160241401898,-0.0,-0.0,-16.997936167443246,-85.61127572883225,0.9975650565708556,0.6177588699591595,9530.745826498367,12125.995219067685
totalapeasr,Secundaria,GPM,1500.0,0.0,0.0,,totalapeasr,0.8471228666485022,0.08727450136890949,0.03170048910270905,0.00636920752263158,0.006623661614575679,0.0014596254832154392,0.0010404562114689577,0.0011318941332600562,0.00039037276009400086,0.00013260041175591555,0.0,0.0,0.004391507394390486,0.012362817348487331,0.0,0.0,0.0,0.0,0.0,0.0,0.0,0.0,0.0,0.0,0.0,0.0,0.0,0.0,0.9970543936368628,0.6705968425955278,10288.935414955044,12564.340253375645
tty,Terciaria,GPM,-11942.910949049532,0.32917236697562663,-3931.276265677762,,tty,0.0,0.0,0.0,0.0,0.0,0.0,0.0,0.0,0.0,0.0,0.0,0.0,0.0,0.0,-0.0,-0.0,-0.0,-0.0,-0.0,-0.0,-0.0,-0.0,-0.0,-0.0,-0.0,-0.0,-0.0,-0.0,1.0,0.0,0.0,0.0
gpm,Cuaternaria,GPM,-29483.160949049532,1.0,-29483.160949049532,,gpm,0.8392277316820428,0.09457888692444966,0.039703968461494724,0.007358375681844552,0.010147224194106769,0.0009158078746919398,0.00047071598944213984,0.00011333785735847123,1.628531404181358e-05,1.1570199685508034e-06,0.0,0.0,0.003791179655225277,0.0036753293453331923,-24743.086286087422,-2788.4845455755053,-1170.5984924662355,-216.948174551395,-299.1722441009393,-27.000910967949448,-13.87819527801371,-3.341558290120225,-0.48014253500060616,-0.03411260595404757,-0.0,-0.0,-111.77595996176895,-108.36032662922337,0.9969701546085075,0.6737156404981035,10536.819667210839,12837.227343441189
ypfrdm,Secundaria,BdP,2800.0000000000005,0.1814891411654456,508.16959526324774,,ypfrdm,0.8612995019404287,0.07550719829153414,0.03464118891858483,0.005234526404562136,0.00888434459282575,0.0014635618440942064,0.0012364232177646398,0.0010882630492937916,0.00033572964482163575,0.0002138701344049436,0.0,0.0,0.004790554091940934,0.005304837869744237,437.68621930150454,38.3704623952707,17.603598952194954,2.660027164401124,4.514753795915484,0.7437376299560854,0.6283126861455395,0.5530221932995739,0.17060759772688455,0.10868229963945658,0.0,0.0,2.4344139339883197,2.6957573132050783,0.9970884387127541,0.6630858623439664,10336.689294882086,12693.943998898634
neuii,Cuaternaria,BdP,1499.0,0.025476429599756864,38.18916797003554,,neuii,0.910884491928952,0.05453439558887475,0.011255444063604767,0.0023845558656504407,0.0020160584344901186,0.0005674059177784763,0.00036776220965566706,0.00041657824157772334,0.0002492695055995244,1.9360117911793477e-06,0.0,0.0,0.002869527819037627,0.01445257441298749,34.785920863575235,2.082623193287903,0.42983604392234187,0.09106420448725819,0.07699159419215003,0.021668759901234406,0.014044532797571696,0.01590877644027372,0.009519395019147952,7.393467948531749e-05,0.0,0.0,0.10958487987591768,0.5519317918570171,0.9975650565708556,0.6177588699591595,9530.745826498367,12125.995219067685
bdp,Cuaternaria,BdP,3401.0000000000005,1.0,3401.0000000000005,,bdp,0.0,0.0,0.0,0.0,0.0,0.0,0.0,0.0,0.0,0.0,0.0,0.0,0.0,0.0,0.0,0.0,0.0,0.0,0.0,0.0,0.0,0.0,0.0,0.0,0.0,0.0,0.0,0.0,1.0,0.0,0.0,0.0
vmliq,Terciaria,TTY-PC,71.78448422373485,1.0,71.78448422373485,,vmliq,0.0,0.0,0.0,0.0,0.0,0.0,0.0,0.0,0.0,0.0,0.0,0.0,0.0,0.0,0.0,0.0,0.0,0.0,0.0,0.0,0.0,0.0,0.0,0.0,0.0,0.0,0.0,0.0,1.0,0.0,0.0,0.0
ttypc,Cuaternaria,TTY-PC,71.78448422373485,1.0,71.78448422373485,,ttypc,0.8625300954807639,0.12970876098120962,0.0021111818893424414,0.00022940380017825274,0.0003201954773497672,0.0,0.0,0.0,0.0,0.0,0.0,0.0,0.002935979592680638,0.0021643827784754545,61.916278031535406,9.311076506335837,0.15155010302893723,0.016467633474760605,0.02298506719232561,0.0,0.0,0.0,0.0,0.0,0.0,0.0,0.21075778075199073,0.15536910141559468,0.9974146269322589,0.624435008817267,9903.538446577535,12532.761355006669
gpaachile,Secundaria,Otros,300.0,1.0,300.0,,gpaachile,0.9133566065255345,0.053151658361513296,0.010461448903549003,0.0022400690999213866,0.0018004483838889721,0.0005334827906296572,0.00034706898634138055,0.00040712623132412555,0.0002460207044164147,0.0,0.0,0.0,0.002836793273655873,0.01461927673922557,274.00698195766034,15.94549750845399,3.138434671064701,0.6720207299764159,0.5401345151666916,0.16004483718889714,0.10412069590241417,0.12213786939723767,0.0738062113249244,0.0,0.0,0.0,0.8510379820967618,4.385783021767671,0.9975838408179317,0.6157834697552683,9500.043412167795,12106.304040180079
tbxelporton,Secundaria,Otros,0.30000000000000004,0.08096727414450963,0.024290182243352894,,tbxelporton,0.8577658494993415,0.11162277457197944,0.0016262762377689992,0.00015257774158933143,0.0004281343165891945,0.0,0.0,0.0,0.0,0.0,0.0,0.0,0.013849321745024939,0.014555065887706789,0.020835288806463417,0.002711337536862078,3.950254619344329e-05,3.7061411494840646e-06,1.039946057458488e-05,0.0,0.0,0.0,0.0,0.0,0.0,0.0,0.0003364025491334859,0.00035354520297640687,0.9974964106138,0.631693162937653,9563.610323135179,12032.857787440884
otros,Cuaternaria,Otros,9278.155391642198,1.0,9278.155391642198,,otros,0.8371269064877237,0.09450410029965056,0.0396865543853974,0.007355289110858608,0.010143138587159543,0.0017211920377924424,0.001058828216506472,0.0006131877199018577,0.00026272046755297857,8.240717659426636e-05,0.0,0.0,0.003785106142841992,0.0036605693680202885,7766.9935209178275,876.823727727498,368.2180185465762,68.24351532099995,94.10961597062834,15.969487185495572,9.823972725802415,5.689250949496207,2.4375613225214274,0.7645865898281032,0.0,0.0,35.11880296714743,33.96333141837771,0.9969165186891066,0.6785875368714425,10604.463167222615,12873.177232892956
